scene_001.jpg	RASC > FRR ABLAIEFICH, AIGC » AREER TATE RUMBA iar ALR URBAN SE, TERA ARAB SRE AIRC, ACERT LATICICELUT ARE WASVHAANSH. SATE, RERDU LEM BICSeREL AWA tT AAR
scene_002.jpg	f FAIZESHA SE Zee O FMRC AUNTS © FRA SzH, bh fg SS ii PbO O AIS, EY, ACSA aSH EER © AE SBIAIGCHEE— Big S2enaosh HARSH: BPH
scene_003.jpg	BS: AMiriteae a ee. RUF HARE] LAER PAs i> f b XPT SRA Ta ESA RaTA. GeeRie (Sa ee towards stable and hic rechargeable aqueous zinc-manganese dioxide SHER aia 9 frame GEA) 3 (3 TKR (ORASE)
scene_004.jpg	towards stable and hig rechargeable aqueous zinc-manganese dioxide 9 SWF Baia 9 (rama (EEA) Decoupling electrolytes towards stable and high-energy zinc-manganese dioxide rechargeable aqueous batteries (28) AK (OSRASE) | . SH a we 44 "Decoupling electrolytes towards", "stable and high-energy"
scene_005.jpg	lasll eat Pieroni alain liana rechargeable aqueous batteries Ss SS kaaME O asm, RARCMIR 446 "Decoupling electrolytes towards", "stable and high-energy" $Zia, WRBOB: rechargeable aqueous zinc-manganese dioxide batteries BD: AU FSRRB AIK ERAS © resinenn = ranma stable high-energy | _, | SR BESBAVEE AB
scene_006.jpg	#44 "Decoupling electrolytes towards", "stable and high-energy" $25, MABOE BD: AIFSRAB AIK AEF th rechargeable aqueous zinc-manganese dioxide batteries | © resiner = ranma stable high-energy | _. | iX7#BEnBAIEEABI! — REtheaT — REBT (EWR: FRRABEESREeE “towards” BIMBR=MESiA Sg tes (ara stable and high
scene_007.jpg	ABER HOARE BER) OKA — SB Decoupling electrolytes towards stable and high- energy rechargeable aqueous zinc-manganese dioxide batteries, “3 BE (Gua / kA SARA) BURRIS, MRR ATTEAEF - — Bt ian & BRT 1. Decoupling electrolytes: BEB (RAAEHQOANE, ROT ela / RAAT) 2. towards: SE. MSA, FF 3. stable: 4x; EAS /
scene_008.jpg	Decoupling electrolytes towards stable and high- energy rechargeable aqueous zinc-manganese dioxide batteries Decoupling electrolytes towards stable and high-energy rechargeable aqueous zinc-manganese dioxide batteries REALASMNH, EBA 2020 tFAezeFNature Energyi) Si 1 /F, KE HRAISA (pH A #8) ik Zn RAR
scene_009.jpg	Decoupling electrolytes towards stable and nigh- energy rechargeable aqueous zinc-manganese dioxide batteries Decoupling electrolytes towards stable and high-energy rechargeable aqueous zinc-manganese dioxide batteries ERS. SNBEABA 2020 4E229e-F Nature EnergyNZEE LE, BOSBRRMARA (pH i #8) ik Zn RARE,
scene_010.jpg	“towards” SSCWB=AE Sia Decoupling eae sce = va ene! ‘echa! ‘al secol ves ah ponte Zn_MnO; liaise batteries ae SHRI @ BHESASAEAH? ” ARIZ EAI! BRENSSSARASOSATA, ibCAERNT, COS REIE BVGERDA, BMALSATRAMENIRE, ASARB AEA
scene_011.jpg	Decoupling stable and high- towards energy rechargeable electrolytes Pl / MS. ins Zn-Mn0; PSBeH batteries SRR SHBiT @ anitesgiEcn? ” FMM! AMIN SSSAAABASAITA, ICAI, MSR RERE BNGERMA, BMALARARA RHE, ASAE ARAM. 59 AHMAR, #ARSDIH
scene_012.jpg	99 XARA, HANS RH SANs ADE, RIVES SWARM aTS ER. Meta s—Aa. "The growing global demand for large-scale energy storage, electric vehicles and consumer electronics calls for rechargeable batteries featuring high safety, environmental friendliness, low cost and high energy " density. NBR (AMRARRE. Haat U
scene_013.jpg	"The growing global demand for large-scale energy storage, electric vehicles and consumer electronics calls for rechargeable batteries featuring high safety, environmental friendliness, low cost and high energy density." MHS (AMRRE. Bah =, BRB) RH IFRETFEALER AY — SRR HBBISE (RE. RY. (ak 4%, RB) ANA
scene_014.jpg	S BRS: AB" Ls"? AVR Zal, BEE hee LS. KSPR IR Sensi, O BASE Hues" (PRAMAS (SMASH) B: AFtiUkAe RBI (2STSS—DRERAE: FRB (rechargeable batteries) ——iX-StL"SFisHB iE IZ SERS, spall tees a no oe at USES SIN RAINS nome angus Se enced Sh RANE
scene_015.jpg	Ae, Hitec AIRE GEN, MaRS Me T SSA — Rip sstws ATMEL. Pipa a) FRE scaguasees RSLS HSEBERO RS a SEA WW AF ILS trscee Haz * ERE RA GISIREAL) S—E Sauber oe ot es 1) Se be eb bs | ee es i}
scene_016.jpg	* BSL — BOS OMIT! FEHA- LAD) TORRE: SLM (FHA Lids) ES — HAE (CORREA! HS Hash) gon) | HS8R wee teen 4 Some: MURA Henk (AE Lie) AB: AREA NRSTEANETHIERLS, LAREN move ACA
scene_017.jpg	FU FERUK AFBI — FI FERK RABI URES (—P) — HS (KAZE) | SN UR RA LS? QO HEREAB: CMAN HOEIALTUAdS, EMOTE. © BERIZ: FEU RAANE NR, MIHABANKE? "—BT/LMMTBOR, 18 FILALLALS ELAS, BRB ARIF.
scene_018.jpg	QO BERSHAM SAS SWAT HSA Za, RARE, ABB UE (S-Di CEMA PRLEMANTSS WA? SHARE TAESS HAY, AE PREM, FEBEM RRM SWRAT? Decoupling electrolytes towards stable and high-energy rechargeable aqueous zinc-manganese dioxide batteries (1) The growing global demand for large-scale energy storage, electric vehicles a
scene_019.jpg	A FL ir BAR TG FA tA Xho SAT LSE ZS, MASA, eB ERS —— EAB ie LE Baas HAY? Fag CAMASESS AS, HE BREW, FEBRMEREORSH RA? Decoupling electrolytes towards stable and high-energy rechargeable aqueous zinc-manganese dioxide batteries The growing global demand for large-scale energy storage, electric vehicles
scene_020.jpg	0. s towards stable and high-energy rechargeable aqueous zinc- TENCERSSe dioxide batteries is i] The growing global demand for large-scale energy storage, electric vehicles and consumer electronics calls for g 2 featuring high safety, environmental friendliness, low cost and high energy density. SER
scene_021.jpg	> S-Di RAS rechargeable APSA batteries Bite @ maaic SIA, TIES RAIS ty (Faith) BERR (RAUAFSER (FRRBABII) WR. (RNR! )
scene_022.jpg	2.) SSS (rR R=: Berea AU SAI SFRUAE) AS. SURI F, BAA mm Mil ESAS. Fens HIF, BRS AAS AOI OUAS. BI FERTABIE ble batteries BIFsnh7kK Ath
scene_023.jpg	3b Bek > WAL
scene_024.jpg	Skt > B2be > WRG FSI (3) ia (2) , SERA —_RmeAS rs \ TERRES vs FIR ("FREI") |
scene_025.jpg	@ AGAMA BSA Le" ithe? BAS: Map LPR EAS Bae? ATA Baie He, To ze tese EHR Tides = EAT" 8) FER HME? @O BE-: ititmaix | \@Q \BEI: BFESHRNIR PORMSE LA ne, BRA AE ARBMETAMS CABS: a, RSHORST: () aE, cenmeeameem | seat > seein | se3.ce > venice fy SeeMPU RENE | se2kin > rkseeB iba . Bi’: TARR HBSt Ce SaICE,
scene_026.jpg	@ #AERREW= Ha id 3-4 BERS. WH iCiERAK, HERBAMD. SRT AEEN, RANRCSAAKO, BS MS XRAHESHIOR, BERGE, PBT". Sit 2 BLS (RR) RABLURS ERE, BAAR T ROWHREE, NREL Vip TERA. wk AMENMALA: AFBI (3b) — Wie RBI (2b) — AALS PREDATION, RAPES SAH. BECCA AMAR, AWS RR PHARM, BSE JR.
scene_027.jpg	¢ PRION: BHA ERE BNR RAARICN, HARES ER, BER Limes iT AAAI T MB ERS. SLURS ee DAS Boe A PEAK A a ak, E-RLURCARE, BRM SAAR MWKABHES.
scene_028.jpg	RMB EGS. SLiamsee B—DABRGER ABA AB hk E-BMURSRRA, BAAR SAAMMKABES. HAWK. v v 2a Fis ARR AA] Feat MEER, REST BR: AF TKAEHEABIT WHA REE, PES SS bit: aye v v REG: Wek Re REG: WreivkKA eS ith ith QAinedie _. eee 4ne | sate
scene_029.jpg	f NRGKEREHAES, BSRa LMS eR ER, ingen: (RATATAT TS AT RAS FER? VORHIAA TAA, URS Ree. RHR WSR WARE. 0S RE | @ ART TEMMOIRREIS? A RRaeE LY A\a-# ize {7
scene_030.jpg	@ fbi ae” — RES FB ASA TAREE: KARR? BEA AAIE? © thei knee" — FAKABE MARA RITHAE: FRB ATABE? Rigid. GG exttaixa5?
scene_031.jpg	= Bit REHAARR Zen AR: FRAMMIRES NaHS (BEE) ARITA, ABA AS REA, ARE BsStt ART (QEES! ) FRAN EKARI STS aes oe ears FOS i Seles ib) Bh fod > ARIEATRS EEE RY SESS BOLE, SERRE 25 Ww AR: ARIS SR SiR NESLrRAR(s, MEER Hi ‘rar
scene_032.jpg	@ BE-: iciresitix ORNS Lr HA, BRAT AE Bi, MSHURST: | satin > eanbinenae | se3.b0% > mazehieasbanTe | mati > KREME | msrzm > ieee | A BEM, HERO! © REx: BFPSHAWIA ARBMETAMB AEBS: QO (RRR, CAIRO x Bah SMA the REFER E Bi’: TTBS CSAC, ES TT REVERAXAICLS , BBC FS 6 ase RUSE ATFMEB IH, BUEN RIEWARER, FEBS 
scene_033.jpg	DP ASSERT SX EP OAS WG HSATEAMALUASRL AIRE ATCE. MRE Na RA ESAS ASRR A, BL RMMRA, DARI, DRE TEAS. PAAR ERALBS "SLi (AHURA) "? ROOST ASS3 Fi (AIFERRBI) BIR2bi (AFBUKAAI) , AiG BR EARLS (Wha) , BTL (AFSCKARS ith) RA: FBLA S MAkKABLPAR IRANI —MAA. PRR EHR SSHMA BI (SRAREOREAY, ARETE, AIFEHUSEAIR) . BE 
scene_034.jpg	eT ee eee NOE EEO ROOST ASS3 Fir (AIFERRRI) BIZ bi (AFRBUKARI) , AG BE BRE (RUKH) » BIT AIL (FKCKAS ith) . RA: HARASS MAKARI PAR IEAM —MAR, GIRDER H AS AY SSH MA RI (SABRE OREAY, RARER, AIFERWUSER) . BE REGBARAIAR, (QUE BRTC AA EAH, AIL NM IKREBIt BPE KAP . BSE: HASAN HRW, AMER AS RMRIZVEBTS MESA. O
scene_035.jpg	SIDS NEE ee EEA) + MEENA AE Ee OS UAL iCiEERAK, BH NEStSAREAWAR, RAVES NiC—HERBAMD, REE 1B. ABR (S37-EMEM) : Wet, BREN SU=RHURCAHARALE, BARS. ERESURSMAS OER PS, EAS RUE PA. WERE (S27T EMER) : RAE! ASIA FUFERRI — BFR ARB — TASER (FR RABE) . BET SS bi (KAR) , AAPA KARRBKABPARAMNAR, BRIVKARIDTRS RIBERA
scene_036.jpg	4) Pa] us) BEFBMHTAARS GAZI DAS -eeA MPPs, Latina he LURStSS EMRSAF, BAERS, AM NSRRETEN. @ ATAARBN? BUCA TCAAE: BAMA LORSAF, Meena MAAR, aie BANTER. FLAS. MRNAS EIS, BRASS E BARRERA WRN, ROS:
scene_037.jpg	v, oS tx) TEM: TCH ALA Sam: WRB AL | v WANURGREE. FDA, BFS | x BEREH, SHE, AKER EH | v RAGS MER X BLA BAL", SCPE | v iEBRAN, 7 | xX BKRCREANE @ sian BARRA SMITH, TERRES IL PEE TARE! (HIRE, GERBEISOU EAE, SRLS. BM, are: AS} —€§ ber fit 2S REA".
scene_038.jpg	5 BWA: FFARR KSiS—Wid, (KES CAC: | ss Meh Sid, S—NaAA, ARHRAAAASA RAIRBRKR? 29 ®» x (©) PUG RARHES Aaah (US AUNEZ, oom DTS A Bk SABER Sa Ae BHR Rises
scene_039.jpg	RIAA A RAH (RAH (TFTA AILS ARATE US PARE AAA Fa? x? me? A URMILA, BEANE), PRAPSSRHRAMRA ! ws —Dis
scene_040.jpg	| OS TRAE BASH UMAR | & aps X RBS | 6 BE RMMAMRIE | Omar X REE © AaPRE HOR RT BNE MMA LASER eA. KRG -AARBT A Beet, PRAHA. RAB AA MIRIRRE. | > riuimmerseetoneunaenbTese, mec
scene_041.jpg	@ ae ae k SHZRRSAN: AMES ES AURBAT IGE, RAE THESE, (ARRAS BEE, UB BeHTS ARES. @x rs Alger Wisk x RSECTARAI, PLASM MRALLARTT BEM aPTE Y AMET TSE REHR v EHO RAE MS STA eaeeeS Shc rs
scene_042.jpg	OS — MEM ASLE REAR: SRLEAN: BASCHER WSEAS BAER © MR—NEXNSMA, UMAR, fhtAE SHUI AYSCI! © AREER, RARARRARS RNAS MRA, PLS WAPI, LARA SSREEI BAKE.
scene_043.jpg	Sy SSR: BANBMRWA BOAES (FARM, PORMETESAIRHR, BSB. TSAR AHE, EXAM, (hiRIREKAM LA. ARM a RIERA FRaH. 8 t WT Wee tERE" WT SiS" LESOFSER: SSS OR7ETEER LEROFSER: BIZE-40°CHI70°C LF ofS SHR eAm IES EMS Hf) bye algulthe ke anyeie m0) tb)
scene_044.jpg	r (a TESA IN 8 OTIS ed dP PUTAS IN od oh BIAS (FAURMR, ORME ESCAIRHR, SEIT. TARE, TEX BAR, (HIRAM LA. Mba RSE ERS aA FRE. t i) WT "We ERE” WT" iS” PESOASER: SSS RTE PEROFSER: AIZE-40°CHI70°C LYE O PASE AMS Sete! O PACRERERAABAIAR! & HRASEANE?
scene_045.jpg	EE CRIT PUTRI RAIS Ta ERG + @ ER Cikixiy bS/3 BIRT ao HRASEAMH? DGS EMM MLS P4OlEF? GEA Fe PLELY T RAPT aR, A SREB RAEI! 0) RBs ts MAAS ig
scene_046.jpg	G) wes—ais, meRAS TE! "The growing global demand for large-scale energy storage, electric vehicles and consumer electronics calls for rechargeable batteries featuring high safety, environmental friendliness, low cost and high energy density." B= BUA) SWE MUN—BDig, RATLAS | FEAY ! BAS (RY - SHER