label,ipc,vs_b1_pct,accuracy,data_misses,coverage,useful,useless,rfail,throttled,mode,config
A15_50_M40_85,1.8858,0.27,45.86,71497,36.96,15610,18430,37396,1282,3,"cd_fifo=20 ct_size=32 tt_size=8 ist_ipt=64 ist_dist=1 ist_conf=2 prb_cap=1024 tc_mode=3 tc_mshr_thr=80 tc_mshr_lo=40 tc_mshr_hi=85 tc_queue_cap=0 tc_cooldown=0 tc_acc_lo=15 tc_acc_hi=50 pt_scope=0 spec_stride=0"
A20_40_M40_85,1.8858,0.27,45.86,71497,36.96,15610,18430,37396,1282,3,"cd_fifo=20 ct_size=32 tt_size=8 ist_ipt=64 ist_dist=1 ist_conf=2 prb_cap=1024 tc_mode=3 tc_mshr_thr=80 tc_mshr_lo=40 tc_mshr_hi=85 tc_queue_cap=0 tc_cooldown=0 tc_acc_lo=20 tc_acc_hi=40 pt_scope=0 spec_stride=0"
A20_50_M30_75,1.8804,-0.02,46.33,71497,36.97,15559,18025,37177,1791,3,"cd_fifo=20 ct_size=32 tt_size=8 ist_ipt=64 ist_dist=1 ist_conf=2 prb_cap=1024 tc_mode=3 tc_mshr_thr=80 tc_mshr_lo=30 tc_mshr_hi=75 tc_queue_cap=0 tc_cooldown=0 tc_acc_lo=20 tc_acc_hi=50 pt_scope=0 spec_stride=0"
A20_50_M50_90,1.8833,0.14,46.71,71084,37.33,16155,18434,36695,1096,3,"cd_fifo=20 ct_size=32 tt_size=8 ist_ipt=64 ist_dist=1 ist_conf=2 prb_cap=1024 tc_mode=3 tc_mshr_thr=80 tc_mshr_lo=50 tc_mshr_hi=90 tc_queue_cap=0 tc_cooldown=0 tc_acc_lo=20 tc_acc_hi=50 pt_scope=0 spec_stride=0"
A25_55_M45_85,1.8858,0.27,45.86,71497,36.96,15610,18430,37396,1282,3,"cd_fifo=20 ct_size=32 tt_size=8 ist_ipt=64 ist_dist=1 ist_conf=2 prb_cap=1024 tc_mode=3 tc_mshr_thr=80 tc_mshr_lo=45 tc_mshr_hi=85 tc_queue_cap=0 tc_cooldown=0 tc_acc_lo=25 tc_acc_hi=55 pt_scope=0 spec_stride=0"
A30_60_M40_80,1.8807,0.00,45.77,71266,37.18,15972,18922,36468,1605,3,"cd_fifo=20 ct_size=32 tt_size=8 ist_ipt=64 ist_dist=1 ist_conf=2 prb_cap=1024 tc_mode=3 tc_mshr_thr=80 tc_mshr_lo=40 tc_mshr_hi=80 tc_queue_cap=0 tc_cooldown=0 tc_acc_lo=30 tc_acc_hi=60 pt_scope=0 spec_stride=0"
T40C200,1.8884,0.41,52.86,72280,36.28,15309,13654,31184,13627,4,"cd_fifo=20 ct_size=32 tt_size=8 ist_ipt=64 ist_dist=1 ist_conf=2 prb_cap=1024 tc_mode=4 tc_mshr_thr=40 tc_mshr_lo=50 tc_mshr_hi=90 tc_queue_cap=0 tc_cooldown=200 tc_acc_lo=30 tc_acc_hi=60 pt_scope=0 spec_stride=0"
T50C100,1.8908,0.54,49.30,71857,36.65,15594,16039,33435,8074,4,"cd_fifo=20 ct_size=32 tt_size=8 ist_ipt=64 ist_dist=1 ist_conf=2 prb_cap=1024 tc_mode=4 tc_mshr_thr=50 tc_mshr_lo=50 tc_mshr_hi=90 tc_queue_cap=0 tc_cooldown=100 tc_acc_lo=30 tc_acc_hi=60 pt_scope=0 spec_stride=0"
T50C200,1.8851,0.23,49.49,71880,36.64,15573,15897,33062,8655,4,"cd_fifo=20 ct_size=32 tt_size=8 ist_ipt=64 ist_dist=1 ist_conf=2 prb_cap=1024 tc_mode=4 tc_mshr_thr=50 tc_mshr_lo=50 tc_mshr_hi=90 tc_queue_cap=0 tc_cooldown=200 tc_acc_lo=30 tc_acc_hi=60 pt_scope=0 spec_stride=0"
T50C300,1.8892,0.45,50.60,71866,36.64,15824,15448,32422,9219,4,"cd_fifo=20 ct_size=32 tt_size=8 ist_ipt=64 ist_dist=1 ist_conf=2 prb_cap=1024 tc_mode=4 tc_mshr_thr=50 tc_mshr_lo=50 tc_mshr_hi=90 tc_queue_cap=0 tc_cooldown=300 tc_acc_lo=30 tc_acc_hi=60 pt_scope=0 spec_stride=0"
T55C150,1.8880,0.39,47.75,71784,36.72,15371,16820,34575,6361,4,"cd_fifo=20 ct_size=32 tt_size=8 ist_ipt=64 ist_dist=1 ist_conf=2 prb_cap=1024 tc_mode=4 tc_mshr_thr=55 tc_mshr_lo=50 tc_mshr_hi=90 tc_queue_cap=0 tc_cooldown=150 tc_acc_lo=30 tc_acc_hi=60 pt_scope=0 spec_stride=0"
T55C200,1.8878,0.38,47.45,71702,36.79,15814,17517,33443,6515,4,"cd_fifo=20 ct_size=32 tt_size=8 ist_ipt=64 ist_dist=1 ist_conf=2 prb_cap=1024 tc_mode=4 tc_mshr_thr=55 tc_mshr_lo=50 tc_mshr_hi=90 tc_queue_cap=0 tc_cooldown=200 tc_acc_lo=30 tc_acc_hi=60 pt_scope=0 spec_stride=0"
T60C100,1.8876,0.37,47.92,71682,36.80,15662,17020,35847,4304,4,"cd_fifo=20 ct_size=32 tt_size=8 ist_ipt=64 ist_dist=1 ist_conf=2 prb_cap=1024 tc_mode=4 tc_mshr_thr=60 tc_mshr_lo=50 tc_mshr_hi=90 tc_queue_cap=0 tc_cooldown=100 tc_acc_lo=30 tc_acc_hi=60 pt_scope=0 spec_stride=0"
T60C150,1.8873,0.35,47.32,71899,36.62,15405,17148,35233,4938,4,"cd_fifo=20 ct_size=32 tt_size=8 ist_ipt=64 ist_dist=1 ist_conf=2 prb_cap=1024 tc_mode=4 tc_mshr_thr=60 tc_mshr_lo=50 tc_mshr_hi=90 tc_queue_cap=0 tc_cooldown=150 tc_acc_lo=30 tc_acc_hi=60 pt_scope=0 spec_stride=0"
T60C300,1.8822,0.08,47.86,71628,36.85,15618,17015,34848,5392,4,"cd_fifo=20 ct_size=32 tt_size=8 ist_ipt=64 ist_dist=1 ist_conf=2 prb_cap=1024 tc_mode=4 tc_mshr_thr=60 tc_mshr_lo=50 tc_mshr_hi=90 tc_queue_cap=0 tc_cooldown=300 tc_acc_lo=30 tc_acc_hi=60 pt_scope=0 spec_stride=0"
T65C150,1.8871,0.34,47.28,71254,37.18,15904,17736,35514,3686,4,"cd_fifo=20 ct_size=32 tt_size=8 ist_ipt=64 ist_dist=1 ist_conf=2 prb_cap=1024 tc_mode=4 tc_mshr_thr=65 tc_mshr_lo=50 tc_mshr_hi=90 tc_queue_cap=0 tc_cooldown=150 tc_acc_lo=30 tc_acc_hi=60 pt_scope=0 spec_stride=0"
T65C200,1.8819,0.06,46.37,71746,36.75,15467,17889,35603,4172,4,"cd_fifo=20 ct_size=32 tt_size=8 ist_ipt=64 ist_dist=1 ist_conf=2 prb_cap=1024 tc_mode=4 tc_mshr_thr=65 tc_mshr_lo=50 tc_mshr_hi=90 tc_queue_cap=0 tc_cooldown=200 tc_acc_lo=30 tc_acc_hi=60 pt_scope=0 spec_stride=0"
T70C100,1.8829,0.12,45.13,71595,36.88,15450,18787,36008,3145,4,"cd_fifo=20 ct_size=32 tt_size=8 ist_ipt=64 ist_dist=1 ist_conf=2 prb_cap=1024 tc_mode=4 tc_mshr_thr=70 tc_mshr_lo=50 tc_mshr_hi=90 tc_queue_cap=0 tc_cooldown=100 tc_acc_lo=30 tc_acc_hi=60 pt_scope=0 spec_stride=0"
