label,ipc,vs_b1_pct,accuracy,useful,useless,rfail,throttled,config
B1,1.8807,0,45.77,15972,18922,36468,1605,"cd_fifo=20 ct_size=32 tt_size=8 ist_ipt=64 ist_dist=1 ist_conf=2 prb_cap=1024 tc_mode=0 tc_mshr_thr=80 tc_mshr_lo=50 tc_mshr_hi=90 tc_queue_cap=0 tc_cooldown=0 tc_acc_lo=30 tc_acc_hi=60 pt_scope=0 spec_stride=0"
B2,1.8799,0,44.00,15476,19697,37779,0,"cd_fifo=20 ct_size=32 tt_size=8 ist_ipt=64 ist_dist=1 ist_conf=2 prb_cap=1024 tc_mode=0 tc_mshr_thr=0 tc_mshr_lo=50 tc_mshr_hi=90 tc_queue_cap=0 tc_cooldown=0 tc_acc_lo=30 tc_acc_hi=60 pt_scope=0 spec_stride=0"
S1a,1.8807,0,46.57,15872,18209,35531,3341,"cd_fifo=20 ct_size=32 tt_size=8 ist_ipt=64 ist_dist=1 ist_conf=2 prb_cap=1024 tc_mode=1 tc_mshr_thr=80 tc_mshr_lo=50 tc_mshr_hi=90 tc_queue_cap=0 tc_cooldown=0 tc_acc_lo=30 tc_acc_hi=60 pt_scope=0 spec_stride=0"
S1b,1.8850,0,46.63,15468,17706,37009,2716,"cd_fifo=20 ct_size=32 tt_size=8 ist_ipt=64 ist_dist=1 ist_conf=2 prb_cap=1024 tc_mode=1 tc_mshr_thr=80 tc_mshr_lo=60 tc_mshr_hi=80 tc_queue_cap=0 tc_cooldown=0 tc_acc_lo=30 tc_acc_hi=60 pt_scope=0 spec_stride=0"
S1c,1.8797,0,48.63,15115,15965,33841,8445,"cd_fifo=20 ct_size=32 tt_size=8 ist_ipt=64 ist_dist=1 ist_conf=2 prb_cap=1024 tc_mode=1 tc_mshr_thr=80 tc_mshr_lo=30 tc_mshr_hi=70 tc_queue_cap=0 tc_cooldown=0 tc_acc_lo=30 tc_acc_hi=60 pt_scope=0 spec_stride=0"
S1d,1.8828,0,46.33,15593,18061,37755,1371,"cd_fifo=20 ct_size=32 tt_size=8 ist_ipt=64 ist_dist=1 ist_conf=2 prb_cap=1024 tc_mode=1 tc_mshr_thr=80 tc_mshr_lo=70 tc_mshr_hi=95 tc_queue_cap=0 tc_cooldown=0 tc_acc_lo=30 tc_acc_hi=60 pt_scope=0 spec_stride=0"
S2a,1.8711,0,45.13,15222,18509,36607,3225,"cd_fifo=20 ct_size=32 tt_size=8 ist_ipt=64 ist_dist=1 ist_conf=2 prb_cap=1024 tc_mode=2 tc_mshr_thr=0 tc_mshr_lo=50 tc_mshr_hi=90 tc_queue_cap=4 tc_cooldown=0 tc_acc_lo=30 tc_acc_hi=60 pt_scope=0 spec_stride=0"
S2b,1.8815,0,45.17,15768,19141,37296,507,"cd_fifo=20 ct_size=32 tt_size=8 ist_ipt=64 ist_dist=1 ist_conf=2 prb_cap=1024 tc_mode=2 tc_mshr_thr=0 tc_mshr_lo=50 tc_mshr_hi=90 tc_queue_cap=8 tc_cooldown=0 tc_acc_lo=30 tc_acc_hi=60 pt_scope=0 spec_stride=0"
S2c,1.8799,0,44.00,15476,19697,37779,2,"cd_fifo=20 ct_size=32 tt_size=8 ist_ipt=64 ist_dist=1 ist_conf=2 prb_cap=1024 tc_mode=2 tc_mshr_thr=0 tc_mshr_lo=50 tc_mshr_hi=90 tc_queue_cap=16 tc_cooldown=0 tc_acc_lo=30 tc_acc_hi=60 pt_scope=0 spec_stride=0"
S2d,1.8815,0,45.17,15768,19141,37296,507,"cd_fifo=20 ct_size=32 tt_size=8 ist_ipt=64 ist_dist=1 ist_conf=2 prb_cap=1024 tc_mode=2 tc_mshr_thr=80 tc_mshr_lo=50 tc_mshr_hi=90 tc_queue_cap=8 tc_cooldown=0 tc_acc_lo=30 tc_acc_hi=60 pt_scope=0 spec_stride=0"
S3a,1.8833,0,46.71,16155,18434,36695,1096,"cd_fifo=20 ct_size=32 tt_size=8 ist_ipt=64 ist_dist=1 ist_conf=2 prb_cap=1024 tc_mode=3 tc_mshr_thr=80 tc_mshr_lo=50 tc_mshr_hi=90 tc_queue_cap=0 tc_cooldown=0 tc_acc_lo=30 tc_acc_hi=60 pt_scope=0 spec_stride=0"
S3b,1.8858,0,45.86,15610,18430,37396,1282,"cd_fifo=20 ct_size=32 tt_size=8 ist_ipt=64 ist_dist=1 ist_conf=2 prb_cap=1024 tc_mode=3 tc_mshr_thr=80 tc_mshr_lo=40 tc_mshr_hi=85 tc_queue_cap=0 tc_cooldown=0 tc_acc_lo=20 tc_acc_hi=50 pt_scope=0 spec_stride=0"
S3c,1.8852,0,46.47,15893,18305,37026,1319,"cd_fifo=20 ct_size=32 tt_size=8 ist_ipt=64 ist_dist=1 ist_conf=2 prb_cap=1024 tc_mode=3 tc_mshr_thr=80 tc_mshr_lo=60 tc_mshr_hi=95 tc_queue_cap=0 tc_cooldown=0 tc_acc_lo=40 tc_acc_hi=80 pt_scope=0 spec_stride=0"
S4a,1.8804,0,46.04,15591,18270,37277,1808,"cd_fifo=20 ct_size=32 tt_size=8 ist_ipt=64 ist_dist=1 ist_conf=2 prb_cap=1024 tc_mode=4 tc_mshr_thr=80 tc_mshr_lo=50 tc_mshr_hi=90 tc_queue_cap=0 tc_cooldown=50 tc_acc_lo=30 tc_acc_hi=60 pt_scope=0 spec_stride=0"
S4b,1.8844,0,46.17,15545,18126,37467,1588,"cd_fifo=20 ct_size=32 tt_size=8 ist_ipt=64 ist_dist=1 ist_conf=2 prb_cap=1024 tc_mode=4 tc_mshr_thr=80 tc_mshr_lo=50 tc_mshr_hi=90 tc_queue_cap=0 tc_cooldown=200 tc_acc_lo=30 tc_acc_hi=60 pt_scope=0 spec_stride=0"
S4c,1.8832,0,46.52,15822,18192,36762,2144,"cd_fifo=20 ct_size=32 tt_size=8 ist_ipt=64 ist_dist=1 ist_conf=2 prb_cap=1024 tc_mode=4 tc_mshr_thr=80 tc_mshr_lo=50 tc_mshr_hi=90 tc_queue_cap=0 tc_cooldown=500 tc_acc_lo=30 tc_acc_hi=60 pt_scope=0 spec_stride=0"
S4d,1.8870,0,47.81,15679,17114,35287,5023,"cd_fifo=20 ct_size=32 tt_size=8 ist_ipt=64 ist_dist=1 ist_conf=2 prb_cap=1024 tc_mode=4 tc_mshr_thr=60 tc_mshr_lo=50 tc_mshr_hi=90 tc_queue_cap=0 tc_cooldown=200 tc_acc_lo=30 tc_acc_hi=60 pt_scope=0 spec_stride=0"
