scene_001.jpg	SCA RAVERI SAS #67 - How/Why/So What « HBR EHS DANES AEST ERUEOO SPEER G exw eewiz) Decoupling electrolytes towards stable and high-energy rechargeable aqueous zinc- manganese dioxide batteries Decoupling electrolytes = AIRFRARIR (Het TRI) $8 Liv - aTREMERR
scene_002.jpg	Decoupling electrolytes towards stable and high-energy rechargeable aqueous zinc- manganese dioxide batteries # Decoupling electrolytes = RBH (Tih) BS LHe = WF ‘D FELE: Deu L-SP, ESM TREE MA, BOS RRBI. IPRET AItAse apie BRU RAS URE, Sil Al. D BS Lunes pHs HUF TRERD ZAR DUCA ER = thal vs EMER
scene_003.jpg	A aim — 3581, 269tF Le SIMRIMCDUK + fauiaee Alkaline zinc-manganese batteries have long been commercialized , but their working voltage and rechargeability are still limited due to the alkaline operating conditions employed in most applications. OsttiR 0 hae HES ORM CARICATE) (FRR BARE FBR, O/FRB RA
scene_004.jpg	© TUTE RS eA PE ele Hatt > SFA Hatt > STEW Vv BEE X PH — PER IERES 66 MRRAHIA, MATtARSARIAA Lele? PALA AEDS MEWRMZICBih. 9°
scene_005.jpg	(5 3 BEA 2 A)if] Althoughthe-alkaline-environment:can-providerstability-forthe:Zn-anodes, it’ suppresses: the: cathode: performance: due: to: the: formation: of: poorly: reversible: intermediates: suchras‘Mn(OH)2,-Min203-and:Mn304+(ref-6,7).". SHARE eS aA « WRIA AS FBT fi (ref. 6,7) | SASSER AOE NOE
scene_006.jpg	ab Uw) Muss — iRaMHiA GEA? O Shit Fata WR, WASETA? sen SHANE ARPAAWAB EPIL. (eats |S IZ fi (ref. 6,7) , KAS IRBRS Aaa Nal. SS PRMREARAIE, BA SIAAER. Q FHERSMHBABMSXE: IABREITABET?
scene_007.jpg	SF AUWES — Pa iALITA? O Alii HABA AMR, WASBTA? 408 SHAE EETACNAB ERIM. (MEANS |AAT IC AK (ref. 6,7) , KAS IARES AaB Nal. SS PRE ARAE, aA SAAR. Q FHERSMEBABMAHE: AARREITABET? [ W ANARAETRM A?
scene_008.jpg	REAEAAR REIT ARE AREA RAS LES AAA fe 553-4-S HANES
scene_009.jpg	oh 83-4502 iSS “(RBE8409 however 715854)89 Moreover , (KiAEX= HSS FR, MANE ARE. PRB RRS3IA, 4. SABER. Ww 33K - 339) — FREARH RMA: Bat The recently developed zinc-ion batteries, with neutral or slightly acidic solutions, exhibit much-enhanced reversibility due to the boosted reversible ion (H*, Zn?*,
scene_010.jpg	W 23 - 339 — SBA SE: Ba The recently developed zinc-ion batteries, with neutral or slightly acidic solutions, exhibit much-enhanced reversibility due to the boosted reversible ion (H*, Zn?*, Lit ) insertion/extraction capability of MnO> (ref. 8-11). reactions are limited to Mn**/Mrr*, with the furth
scene_011.jpg	bay © sree + ARABIA iO EAWRUAE RSA (electrolyte) . Alt, GSD, (ee FiOS fF ak EM — IAT PUM T PUBS’ solutions "AVziz. +> "FAP" ASIA) MBIATES SOAS Decoupling electrolytes towards stable and high-energy oo ina rechargeable aqueous zinc-manganese dioxide batteries FB e ..dimited due to the alkaline operat
scene_012.jpg	@ sree + BYRATI DORIC FENDA SBIR (electrolyte) . Alt, TSTMS, (Fe PIPES XE et\ _— BIA] PUT PHEBLSSAMtt solutions "HUziz. > "FARIS" HUE HATES SCARIER SE H ine e 3K 18) e 23 Decoupling electrolytes towards stable and high-energy electrolytes rechargeable aqueous zinc-manganese dioxide batteries FREER l
scene_013.jpg	ea ef e= Decoupling electrolytes towards stable and high-energy electrolyt Ss rechargeable aqueous zinc-manganese dioxide batteries FA ; «limited due to the alkaline operating conditions employed... onditi ae CER) set © Although the alkaline environment can provide stability for the environment a Zn
scene_014.jpg	a PRA T hee Se ASIN Fie eee? eee OMA RTS AR BNAMES MRT, BAARESISM, RDARES. DURE AARAH TRAM (Sowhat) , Time T AA (How) FRA (Why) . ABRAM (Rr) : "Recently developed zinc-ion batteries exhibit much-enhanced reversibility." — a= Fe): AMEN? ALTA? K Ds ReS Sse The recently developed zinc-ion batteries, wi
scene_015.jpg	How? SIa IES pT ae here aed Sea Sha with Shas, Why? AITARR aT Ht, Zn, Lit MnO2 "PRS ETRE A /Bie el a) | SHRI: due to "due to" S| iU/R So What? SRE SAA (much-enhanced reversibility), HG: exhibit: "exhibit Rata OMMRFMA SME 7H"? How/Why/So What S#saiHiMMt@escetneSiz. (NESE, Tee FalMTACwTREA, Bak PAIS R
scene_016.jpg	NERE RELA, FEHR. 7ARSUMASCR ESE) BE AR K, 7S—FEREFAHOw/Why/So Whatitaxtskaaimne al. Bian: Vinita eesti, WSS AS, Sh SHES ES, AABALA THREE {, SST mE | © wax
scene_017.jpg	ie [ GENO SET RS eS | ATONE SEAR AAAS OMAR SME 7c"? How/Why/So What SFSaMiE RENE SIER. (SRE VUREA, Meese ZARA CRIES, SSRI MMA SRM TA, Pilea: CO (Fe aSuiaAN (757k) OMETHARRER 0 Faz4eR Rail © (Fah RRAS IPE CSL ANS, KARI S HAMA, ASIA CADRE Sea. A QRH Dee oases
scene_018.jpg	qa SSS ARES, MRSS AIS PITRUES HAE H*, Zn2*, Lit RSGRABPOSM. WME ES FRA, (BRDAER AE. 2 SAMA HE @ Riki -— Skee TeR v BS ..exhibit much-enhanced reversibility due to the boosted reversible ion| (H*, Zn*, Lit) insertion/extraction capability of MnOz... =5.(0 sn 2des Ser ha pee telatieen e Hesse pes al) 
scene_019.jpg	— 2° SSM SSI’AGHE, RRS SHbzEIS SIAHUSS PSST H*, Zn2*, Lit R= PARBTOSH. RMEES FREER, (SADIE. SMSAMAGSSF AI O mk -— SRORTan v BRE ..exhibit much-enhanced reversibility due to the boosted reversible ion| (H*, Zn2*, Li*) insertion/extraction capability of MnO>... H* Zn?* Li* Sar at BEF FRA SABA WER HA
scene_020.jpg	@ @ SSMS ’AGR, MRSS HhzeiS SMTRVSSHSBNET H*, Zn, Lit RIBRATRS, KME EE 7A, (BEML 2 MSAFE SF BIE @ Bk AaneETEnv BRE ..exhibit much-enhanced reversibility due to the boosted reversible ion| (H*, Zn2*, Lit) insertion/extraction capability of MnO>... | ai ses Zn2* | | Lit eS fa
scene_021.jpg	© ASESHMET BTOTHEM", RSNAREHARFRARS, BOAR —Simiit, DSHS, hi AHiAAO. Y MARSEFMRERR EMDR =STRONET, ES IZARE ER RR ST ee La RAs, BSE S AMS, A MAAN, AVSHRAE. @ Ut Storia FS SAS | AB, FR GRAMS SUB. Sst —ayLueiae AURCSSS RISA, (ETHECTRIEAIED. ES" “FRRERESSRER MK, BRE ERABR EA eB. 5 EE SS aw A|AE 2H) Fa) 8
scene_022.jpg	66 SRM 7AR vs MER CRE REITABET? RAMI, SRF Peeled ABHT—2. AMES, BERETRE MR L/AMaAT. O MRT GEE) HOCH, BEE Os mRe" (MEF) BRP, aE MRSA FES MART EMO, FRA FURHAHTD...... Sia = ay INA wes ar nS, | a, | pri aly A Ts fh fie to the boosted at) \ ty Rehie ion tH; 2n*, Lit) | sap ongvcssss Geie7LivzeMnoahaa; |”
scene_023.jpg	@ SScs6l: MATA? “BEE FARE cE 7NBEL I SSRIS TF 1+" ORE eA TF Pt as RAP), ARETOMZB. Ai. O mameszenaun @ sz SESH TNS, HEL FRA MRAA BSNS eA DEMARAIE TRA", AILS (F, BLES, RTO RES BISA CHAPS SIRE, PH Fz, (MEBCFSSAeAP RAR aes BED hy Sr pepe yy pao a Buss eS (heath eieieree erie epi
scene_024.jpg	RETCACRMMAIARLERT , AMR RAT RIAAIYS, PALA , Resa MTA RE [Se 6 S348 [However |, the key redox reactions are limited to Mn**/Mn3*, with the further reduction to Mn?#* by Wom amsertion potentially leading to Severe’Strictiraivehanges, thus reducing the reversible capacity of the battery.
scene_025.jpg	© S3S5ais: Moreover KIWI 22) Moreover, HisSi2t—Hik, RHC ARAPEHAS. SHREAS MST, Beets, G A3RAS aE: Moreover , previous studies have found that although the use of an (cidie SolUEiGn works well for MnO2 (ref. 12-15), it introduces side @@mpesionlorl2m, which thus limits the stability and practicability
scene_026.jpg	22) Moreover, HisSERt Hid, RHR ARAPENAS. AREAS WMA, Breet. G S3RAS aE: Moreover, previous studies have found that although the use of an (eidie SoMEIOA works well for MnO2 (ref. 12-15), it introduces side reactions, such as the [j@ROBenNevolution—nesetion and the Benieus @Gpresionlofl2n, which thus 
scene_027.jpg	Pheby J HSA tee tS AT. ULMER PLE. Bria BRIRSCMI. 7: AZAR PLS Ra (ERATE) . DERE SLEEP LF, AVSBISTTISIS? Aste RSE thi “Decoupling” AUF AUICZE, (KLEEB RE Decoupling (f##) ikNalhieky—cez WRF BARES ARNT!
scene_028.jpg	Zn FAR HE . fe]—SeS theta ERE PRE LIE, FANE Seah FABRE SBMS, MERE! O Maney Bia © Bia ons AZTLAN (os ELLOPR, PPEIIETHILE, SEAERRE TE BR) . (Ritts Sheet Le *E, SSA. EBA LNB
scene_029.jpg	el eet we eee 24(72 Herein, we (iX# 2, Fei]) , RAEN J. X-KibstLeiShee—R. G A4eRs8 1 iB: 25H AOR eS ‘Herein, we the working conditions of the MnO2 cathode and @Znvanode so as to enable both acidic MnO2 and alkaline Zn redox reactions in a single cell. S rete nin tt
scene_030.jpg	5 (FaReHLIEAS ‘0 SHH SHw rah PRET Mn OSE SICH EREEs A RUBIA (9820) SRE IF A MRE (54) | MnO fe Bete P OLE MSIE | GB 2ncenatamer Le | Y SARS Dia | S £e—Naeithepscm! RAS! SRR + ERNE, Bib. at Fes TROBE DRC! E anna