scene_001.jpg	BO © OD AE AIH Rt WSS) - A+ (BLASS) Ak "However" fei teS 1 SUPA SGARAS SRSCRE 8 AMAR ME SSR CA Sick. SISEROMSIA Tina he = LMS (AF Bb) , HERODSIATRIOLURS (KANAB) . BODBMRA RAPP LS, GREAT SWS STE. AODAMERT AS CAMSHE. SURICRBATSHOAARM, Wee SHA.
scene_002.jpg	SIE VCAE. BUM BATS NAAR, KeaSHAA. | iti ie mn nae <html it lem ahs eal I tata SSO S Limes tal BLURS (BRZ) AU FERCE;tH Rechargeable Batteries — MHBRER SHIRE] (THLE) ese BFR ZEA — AK/LEAUR — 5 [tkK RL EE SOLES (TEtSIA) "Aqueous rechargeable batteries...have an advantage in terms of safety, also offeri
scene_003.jpg	MOBS ERO TAMERS PUTA AOTAPRUKABMAILT, RNAS: UR RRARBAA lik ith, (FASS, WSUTBRSIRASIR. Alle, MASA ReE, @ CxS (Bw) x Bes (4S) "two severe challenges” "two severe defects / flaws vy "peak LioBEES FARAAA XE ABGE, PAVkKAB EAS
scene_004.jpg	i HANSA (#4) “two severe cl “two severe defects / flaws" “pbie REIL REAR, FES A AL BNE IZ SERRAR, inset. X ERE SIE, RAVI {RRMERE, SERRE SHEAR, RA PREZ SAKAI, BPE X (UK ARB AIRS A BBS AIR AGEIEMAY X SAA MHRES, SORT 2 Bb: RANASAMNATNSS, SSHRC Hue
scene_005.jpg	S DMVieate wea: | + 5 2aT4 BTV AMSSh: SS EWS (AFA) ATID, So ES CkAFBG) AT 2Hiaset. MRE, LRA Himes LRA K, BE 1+ 3 He. B= LURKS BES BUFERAB IE KAT FEBS @ arene @™_ RB TBH brits: 1 4 | & xaswiao ee -tesex iB P AY zee (IRAP ERA)
scene_006.jpg	@ aveieeiees © ieee RATA Hires 1 | @ xxssibteao ee ess) DE = Q) xasima ceeraes) Bie (Bie) SEC: 1 + 3 ( ype fe vei
scene_007.jpg	= BOO: First - Second —— RHAAHAL POMS DATA -LO. (KES) first M1 second , HAMEXLHUBOW iA, DHT SSHRSIA Mie, REA RIK AEH SRA) Ly @ RAD (files) | First/Second EFF "faces two severe challenges..." ae (se) BOW rier Pate = relatively low opéra i hehe ee ae m fabili resulting in low ea Fa ly Ff ‘Fae A ai iG 
scene_008.jpg	Q (B= in S6, S7 HOPS BE SEH BSCS RPMIZS PRTRAAWKARR. HUA R A, EES WHERIRELRE, TFEOICK. ABS! (ZRSRIEMRLIE? M "SRI AI" + BRIS FART Ye? 9 iia iy 75S RENE? MA, tN OSs fo aaAS oon
scene_009.jpg	O XX MMEAm ¢ BAS FST Me? X "PLIRSMRRAi" * BSCS AREER? MA, HAMA ERMA AIRia— FRG: RATES | MURA: ESRD SHAT | RAB: NERRRRI SOSA = (nes | ESAS 7 = BLA thes | easels AC: LHASA, ERG" M’—RRPSHAMEERAIO Prt SIENA, HABER Aunt. ak
scene_010.jpg	S-HRBASS SAU, RHRNRSE NCES, DER MRK HAReA: Ati s Ress THAR LKEAUMEA, NES CREAR PAIS, Ai XIE Bish
scene_011.jpg	FURTHER —: FoRRRa th SS6l "First, aqueous batteries have relatively low operating voltage, resulting in QBSHFPMMAR: LOM Mea (IRS) , ARIES RASRS ime! PRPS RAM IKAn AMC! Bella Cae. (Lead-Acid Battery) AFORE - BRIER
scene_012.jpg	POR MSA (FRIES) , ARUBA BRASS Ain SEB ith—fome ESR REI KAA AMC! BTA. §RESHAHh (Lead-Acid Battery) BRK AR FAR - BBA A SiS (FE Hee ~40 Wh/kg If) (FEE) | @ St Sweets: |
scene_013.jpg	BRSSSe 7K ASAI SOMA - RSA IRS > 268 (EHa EE nes ~40 wh/kg BRIBE) (HERS BE) O BEEBE: FORAY LEBER (~2V/48) FOREEREEIS (~40 Wh/kg) WSC, 5 WIR AMBERLEY SAit—- SE?
scene_014.jpg	O FRU TISiEMR—: felt "Second, most aqueous batteries have insufficient cycling stability because of various detrimental side reactions ." O3-tkBES AFRUAB TENSE RE, RMR Bit} UREN ABES Biss BS, PSSPREAMRERT. UMAR MAA, BINA Re ARE Wie LER AG, BAR RD SRE RE ERE
scene_015.jpg	BY. PREPREAMREAT. WARERERMAA, haa Re aaa Te CURBS AR, BRI RIMM SREM EERE Hsian (eR) Mier (ARR) > FANE = HET A ARR FESR RM (MB, =) > RAPA Ra MIRAE, BOR TERE — 00 , Bid LATINO ERA
scene_016.jpg	"Second, most aqueous batteries have insufficient cycling stability because of various detrimental side reactions ." SBRSS: UMAR RMS) © xm (BM) >< RHI (AS) | "insufficient" "terrible / extremely poor” Raa BF, (BFE ea". SRT, FEMA BATES. . Basan, Cr drat & ie: BARE PERD Ht saets
scene_017.jpg	"Second, most aqueous batteries have insufficient cycling stability because of various detrimental side reactions ." BBian (AeRM) RXian (ARIRM) > FS = ETN SAAT > FES AE Z (RFR RAH 2) > Raa - HRM TEARE, TSS ERRIRW — co ;
scene_018.jpg	SUB RAG, BRR RM SSE Bethe Le, @) Sian (AaweRm) Xian (ARM) > FOES = TeSATAI I CRILAL | FHSS aU ROY (QOFBARIRREE > iS RM = HIRMEARE, BOTS | RARE HERES ne
scene_019.jpg	el et Beinn (aeRM) > FS = SST SARA > jRA Ha TEERREX — 00 mete Mier (ARR) FESAM im! =) SE (RIERA TEL RRM ERER, BERS FERRET RE—
scene_020.jpg	(HEN SLATS eRe, GRRSTHR. KE Rie KR. MERABLAE: WREST SSS, me A ATS £5 (FetSaneS (Hoel —_ x7 ese Rie Bin () Al ASHER OS AAS (SV Satsena @ RAMSAR Sa RBG 0 RAIS HS (eae @ a0 (KER EAISTIA © ALHBRARR © RRS BZA IE 0 BARRE, ARBIR
scene_021.jpg	OR SSR AAY: SCSI EAB SA, BRERA, (MANS REEIRL YAN Ste SSA HAE. MARIE, RaeKMICASe, heayLAAS. VAST CAPERS EASE? i=) = l= WEE (Review) EES 5 13CR RTA, HK Sx KneeemenRT ey SS Seo SEER, RAZA AAA BAS R, SRRSRET ag BGT ZA eS eae DBR Sl ay ae ontaatees wis usa i Pose
scene_022.jpg	Be ae— BAS tees Russet @ GRRSRATIE (Sa aioe © Bla (Review) Fae) OS tieaH © Sms Al GE, Bite OR 251K, AAMeR AK o a la O AUAREHT, RS Fite ee AT 25 | BAI SCeRK—§ Beis AEA!
scene_023.jpg	“First, aqueous batteries have relatively low operating voltage, resulting in low energy density." “Second, most aqueous batteries have insufficient cycling stability because of various detrimental side reactions ." A SCHEER) © AFRREE {i
scene_024.jpg	A SCHR ATA TFB {5 ae (iE 2 BNR PAY BrapalHy Oana" (FSAI) & TBE Se S eRe * S PWR AMM O wid TRealRAL
scene_025.jpg	SOR FR ESA alate Les oid iS. & TSA ee SA Se A |
scene_026.jpg	Y GMERTE: RAW, Bib SEXCHS3. ASA ACARI, $86. THERA. (AEA SSA BREARRUES, PLFA! "Aqueous rechargeable batteries based on non-flammable and low-cost water-based electrolytes, such as the lead-acid battery, have an advantage in terms of safety, also offering robustness and cost advantages." REA. (KAAS. S
scene_027.jpg	JPR ROBE IE, AP USATIUTIN, VOIR BESTRe O ERNScE DRT RSH EASES, WTA ARES eee (aa E: ‘RE RALARBHOADAE, SBBBICRRGARASE’) XPRaieet PRA EEMPAMRT. 5 RolI: BAKA RRB ce hoe ete AAs ca it PERSE NN eG yh 4
scene_028.jpg	ee Cee ene ee See eee a AIIMOETA TNS HITS 16% Telia eaten WBSICDHED, BENE HEEB S| Hechter ARiim, iimilmeeteet 18 SALA ETSY THE BRB HHL..." Vv JUIER5iE: - BEEBE L tS no" RAN AMRE v BATA S SSH &—AIBEMREBS V BEB TREBD BRI", RE SF (pla Verses laren bies Waa 2 Gn | SESE Tamed
scene_029.jpg	= ‘EB SERUICS Sires Hens Mla, ARR MRLREAMRMEAR, Ti EA RAAS EH. TURAN, ARERR CHEFS: AR PAIOEMES, AX NILA | CO RHSSRAIRSREMIRLE, FRESCMHNA BSL! t Sram) ABS: Sei ® Rts —ERees
scene_030.jpg	+ Strmi) Bers —EeeesS SMe PW E A, TRS RR MRA, ABER MUAMEACRTMEAR, TEE! Se R SE. BORER APA, FTX MLA | CO RPSSRIRSRE MAREE, FABSONNA BSL! SHRM © wesaie ESsSLEBRICNMk, (SIAR, HMA, RRaERR A RS ZEA. (RENAE CAA LRAT A, BSEXMZ Pie 1a bes mre eveseA Boies Ste osc ei1,