algorithm,impl,sm,function,classification,index_pc,index_opcode,addr_pc,addr_opcode,data_pc,data_opcode,index_source_file,index_source_line,addr_source_file,addr_source_line,data_source_file,data_source_line,stride_hint
spmv,base,sm80,_Z15spmv_csr_scalariPKmPKiPKfS4_Pf,exact_chain,0200,LDG.E,0240,IMAD.WIDE,0250,LDG.E,/workspace/prefetch/gpu-app-collection/gardenia/src/spmv/base.cu,22,/workspace/prefetch/gpu-app-collection/gardenia/src/spmv/base.cu,22,/workspace/prefetch/gpu-app-collection/gardenia/src/spmv/base.cu,22,4
spmv,base,sm80,_Z15spmv_csr_scalariPKmPKiPKfS4_Pf,exact_chain,03d0,LDG.E,0480,IMAD.WIDE,04a0,LDG.E,/workspace/prefetch/gpu-app-collection/gardenia/src/spmv/base.cu,22,/workspace/prefetch/gpu-app-collection/gardenia/src/spmv/base.cu,22,/workspace/prefetch/gpu-app-collection/gardenia/src/spmv/base.cu,22,64
spmv,base,sm80,_Z15spmv_csr_scalariPKmPKiPKfS4_Pf,exact_chain,03e0,LDG.E,0490,IMAD.WIDE,04c0,LDG.E,/workspace/prefetch/gpu-app-collection/gardenia/src/spmv/base.cu,22,/workspace/prefetch/gpu-app-collection/gardenia/src/spmv/base.cu,22,/workspace/prefetch/gpu-app-collection/gardenia/src/spmv/base.cu,22,64
spmv,base,sm80,_Z15spmv_csr_scalariPKmPKiPKfS4_Pf,exact_chain,03f0,LDG.E,04b0,IMAD.WIDE,04d0,LDG.E,/workspace/prefetch/gpu-app-collection/gardenia/src/spmv/base.cu,22,/workspace/prefetch/gpu-app-collection/gardenia/src/spmv/base.cu,22,/workspace/prefetch/gpu-app-collection/gardenia/src/spmv/base.cu,22,64
spmv,base,sm80,_Z15spmv_csr_scalariPKmPKiPKfS4_Pf,exact_chain,0400,LDG.E,04e0,IMAD.WIDE,0510,LDG.E,/workspace/prefetch/gpu-app-collection/gardenia/src/spmv/base.cu,22,/workspace/prefetch/gpu-app-collection/gardenia/src/spmv/base.cu,22,/workspace/prefetch/gpu-app-collection/gardenia/src/spmv/base.cu,22,64
spmv,base,sm80,_Z15spmv_csr_scalariPKmPKiPKfS4_Pf,exact_chain,0410,LDG.E,0500,IMAD.WIDE,0530,LDG.E,/workspace/prefetch/gpu-app-collection/gardenia/src/spmv/base.cu,22,/workspace/prefetch/gpu-app-collection/gardenia/src/spmv/base.cu,22,/workspace/prefetch/gpu-app-collection/gardenia/src/spmv/base.cu,22,64
spmv,base,sm80,_Z15spmv_csr_scalariPKmPKiPKfS4_Pf,exact_chain,0440,LDG.E,05a0,IMAD.WIDE,05d0,LDG.E,/workspace/prefetch/gpu-app-collection/gardenia/src/spmv/base.cu,22,/workspace/prefetch/gpu-app-collection/gardenia/src/spmv/base.cu,22,/workspace/prefetch/gpu-app-collection/gardenia/src/spmv/base.cu,22,64
spmv,base,sm80,_Z15spmv_csr_scalariPKmPKiPKfS4_Pf,exact_chain,0460,LDG.E,05c0,IMAD.WIDE,0600,LDG.E,/workspace/prefetch/gpu-app-collection/gardenia/src/spmv/base.cu,22,/workspace/prefetch/gpu-app-collection/gardenia/src/spmv/base.cu,22,/workspace/prefetch/gpu-app-collection/gardenia/src/spmv/base.cu,22,64
spmv,base,sm80,_Z15spmv_csr_scalariPKmPKiPKfS4_Pf,exact_chain,0470,LDG.E,05f0,IMAD.WIDE,0620,LDG.E,/workspace/prefetch/gpu-app-collection/gardenia/src/spmv/base.cu,22,/workspace/prefetch/gpu-app-collection/gardenia/src/spmv/base.cu,22,/workspace/prefetch/gpu-app-collection/gardenia/src/spmv/base.cu,22,64
spmv,base,sm80,_Z15spmv_csr_scalariPKmPKiPKfS4_Pf,exact_chain,0520,LDG.E,0630,IMAD.WIDE,0680,LDG.E,/workspace/prefetch/gpu-app-collection/gardenia/src/spmv/base.cu,22,/workspace/prefetch/gpu-app-collection/gardenia/src/spmv/base.cu,22,/workspace/prefetch/gpu-app-collection/gardenia/src/spmv/base.cu,22,64
spmv,base,sm80,_Z15spmv_csr_scalariPKmPKiPKfS4_Pf,exact_chain,0550,LDG.E,0700,IMAD.WIDE,0730,LDG.E,/workspace/prefetch/gpu-app-collection/gardenia/src/spmv/base.cu,22,/workspace/prefetch/gpu-app-collection/gardenia/src/spmv/base.cu,22,/workspace/prefetch/gpu-app-collection/gardenia/src/spmv/base.cu,22,64
spmv,base,sm80,_Z15spmv_csr_scalariPKmPKiPKfS4_Pf,exact_chain,0570,LDG.E,0720,IMAD.WIDE,0770,LDG.E,/workspace/prefetch/gpu-app-collection/gardenia/src/spmv/base.cu,22,/workspace/prefetch/gpu-app-collection/gardenia/src/spmv/base.cu,22,/workspace/prefetch/gpu-app-collection/gardenia/src/spmv/base.cu,22,64
spmv,base,sm80,_Z15spmv_csr_scalariPKmPKiPKfS4_Pf,exact_chain,0650,LDG.E,0760,IMAD.WIDE,07a0,LDG.E,/workspace/prefetch/gpu-app-collection/gardenia/src/spmv/base.cu,22,/workspace/prefetch/gpu-app-collection/gardenia/src/spmv/base.cu,22,/workspace/prefetch/gpu-app-collection/gardenia/src/spmv/base.cu,22,64
spmv,base,sm80,_Z15spmv_csr_scalariPKmPKiPKfS4_Pf,exact_chain,0670,LDG.E,0790,IMAD.WIDE,07d0,LDG.E,/workspace/prefetch/gpu-app-collection/gardenia/src/spmv/base.cu,22,/workspace/prefetch/gpu-app-collection/gardenia/src/spmv/base.cu,22,/workspace/prefetch/gpu-app-collection/gardenia/src/spmv/base.cu,22,64
spmv,base,sm80,_Z15spmv_csr_scalariPKmPKiPKfS4_Pf,exact_chain,06b0,LDG.E,07e0,IMAD.WIDE,0820,LDG.E,/workspace/prefetch/gpu-app-collection/gardenia/src/spmv/base.cu,22,/workspace/prefetch/gpu-app-collection/gardenia/src/spmv/base.cu,22,/workspace/prefetch/gpu-app-collection/gardenia/src/spmv/base.cu,22,64
spmv,base,sm80,_Z15spmv_csr_scalariPKmPKiPKfS4_Pf,exact_chain,06a0,LDG.E,0800,IMAD.WIDE,0840,LDG.E,/workspace/prefetch/gpu-app-collection/gardenia/src/spmv/base.cu,22,/workspace/prefetch/gpu-app-collection/gardenia/src/spmv/base.cu,22,/workspace/prefetch/gpu-app-collection/gardenia/src/spmv/base.cu,22,64
spmv,base,sm80,_Z15spmv_csr_scalariPKmPKiPKfS4_Pf,exact_chain,06c0,LDG.E,0830,IMAD.WIDE,0850,LDG.E,/workspace/prefetch/gpu-app-collection/gardenia/src/spmv/base.cu,22,/workspace/prefetch/gpu-app-collection/gardenia/src/spmv/base.cu,22,/workspace/prefetch/gpu-app-collection/gardenia/src/spmv/base.cu,22,64
spmv,base,sm80,_Z15spmv_csr_scalariPKmPKiPKfS4_Pf,exact_chain,09a0,LDG.E,0a40,IMAD.WIDE,0a60,LDG.E,/workspace/prefetch/gpu-app-collection/gardenia/src/spmv/base.cu,22,/workspace/prefetch/gpu-app-collection/gardenia/src/spmv/base.cu,22,/workspace/prefetch/gpu-app-collection/gardenia/src/spmv/base.cu,22,64
spmv,base,sm80,_Z15spmv_csr_scalariPKmPKiPKfS4_Pf,exact_chain,09b0,LDG.E,0a50,IMAD.WIDE,0a80,LDG.E,/workspace/prefetch/gpu-app-collection/gardenia/src/spmv/base.cu,22,/workspace/prefetch/gpu-app-collection/gardenia/src/spmv/base.cu,22,/workspace/prefetch/gpu-app-collection/gardenia/src/spmv/base.cu,22,64
spmv,base,sm80,_Z15spmv_csr_scalariPKmPKiPKfS4_Pf,exact_chain,09c0,LDG.E,0a70,IMAD.WIDE,0aa0,LDG.E,/workspace/prefetch/gpu-app-collection/gardenia/src/spmv/base.cu,22,/workspace/prefetch/gpu-app-collection/gardenia/src/spmv/base.cu,22,/workspace/prefetch/gpu-app-collection/gardenia/src/spmv/base.cu,22,64
spmv,base,sm80,_Z15spmv_csr_scalariPKmPKiPKfS4_Pf,exact_chain,09d0,LDG.E,0a90,IMAD.WIDE,0ad0,LDG.E,/workspace/prefetch/gpu-app-collection/gardenia/src/spmv/base.cu,22,/workspace/prefetch/gpu-app-collection/gardenia/src/spmv/base.cu,22,/workspace/prefetch/gpu-app-collection/gardenia/src/spmv/base.cu,22,64
spmv,base,sm80,_Z15spmv_csr_scalariPKmPKiPKfS4_Pf,exact_chain,09e0,LDG.E,0ac0,IMAD.WIDE,0b10,LDG.E,/workspace/prefetch/gpu-app-collection/gardenia/src/spmv/base.cu,22,/workspace/prefetch/gpu-app-collection/gardenia/src/spmv/base.cu,22,/workspace/prefetch/gpu-app-collection/gardenia/src/spmv/base.cu,22,64
spmv,base,sm80,_Z15spmv_csr_scalariPKmPKiPKfS4_Pf,exact_chain,09f0,LDG.E,0ae0,IMAD.WIDE,0b40,LDG.E,/workspace/prefetch/gpu-app-collection/gardenia/src/spmv/base.cu,22,/workspace/prefetch/gpu-app-collection/gardenia/src/spmv/base.cu,22,/workspace/prefetch/gpu-app-collection/gardenia/src/spmv/base.cu,22,64
spmv,base,sm80,_Z15spmv_csr_scalariPKmPKiPKfS4_Pf,exact_chain,0a00,LDG.E,0b00,IMAD.WIDE,0b60,LDG.E,/workspace/prefetch/gpu-app-collection/gardenia/src/spmv/base.cu,22,/workspace/prefetch/gpu-app-collection/gardenia/src/spmv/base.cu,22,/workspace/prefetch/gpu-app-collection/gardenia/src/spmv/base.cu,22,64
spmv,base,sm80,_Z15spmv_csr_scalariPKmPKiPKfS4_Pf,exact_chain,0a10,LDG.E,0b30,IMAD.WIDE,0b80,LDG.E,/workspace/prefetch/gpu-app-collection/gardenia/src/spmv/base.cu,22,/workspace/prefetch/gpu-app-collection/gardenia/src/spmv/base.cu,22,/workspace/prefetch/gpu-app-collection/gardenia/src/spmv/base.cu,22,64
spmv,base,sm80,_Z15spmv_csr_scalariPKmPKiPKfS4_Pf,exact_chain,0cc0,LDG.E,0d40,IMAD.WIDE,0d60,LDG.E,/workspace/prefetch/gpu-app-collection/gardenia/src/spmv/base.cu,22,/workspace/prefetch/gpu-app-collection/gardenia/src/spmv/base.cu,22,/workspace/prefetch/gpu-app-collection/gardenia/src/spmv/base.cu,22,64
spmv,base,sm80,_Z15spmv_csr_scalariPKmPKiPKfS4_Pf,exact_chain,0cd0,LDG.E,0d50,IMAD.WIDE,0d80,LDG.E,/workspace/prefetch/gpu-app-collection/gardenia/src/spmv/base.cu,22,/workspace/prefetch/gpu-app-collection/gardenia/src/spmv/base.cu,22,/workspace/prefetch/gpu-app-collection/gardenia/src/spmv/base.cu,22,64
spmv,base,sm80,_Z15spmv_csr_scalariPKmPKiPKfS4_Pf,exact_chain,0ce0,LDG.E,0d70,IMAD.WIDE,0da0,LDG.E,/workspace/prefetch/gpu-app-collection/gardenia/src/spmv/base.cu,22,/workspace/prefetch/gpu-app-collection/gardenia/src/spmv/base.cu,22,/workspace/prefetch/gpu-app-collection/gardenia/src/spmv/base.cu,22,64
spmv,base,sm80,_Z15spmv_csr_scalariPKmPKiPKfS4_Pf,exact_chain,0cf0,LDG.E,0d90,IMAD.WIDE,0db0,LDG.E,/workspace/prefetch/gpu-app-collection/gardenia/src/spmv/base.cu,22,/workspace/prefetch/gpu-app-collection/gardenia/src/spmv/base.cu,22,/workspace/prefetch/gpu-app-collection/gardenia/src/spmv/base.cu,22,64
bfs,linear_base,sm80,_Z10bfs_kerneliPKmPKiPi9Worklist2S4_,exact_chain,00c0,LDG.E,00e0,IMAD.WIDE,00f0,LDG.E,/workspace/prefetch/gpu-app-collection/gardenia/include/worklistc.h,118,/workspace/prefetch/gpu-app-collection/gardenia/src/bfs/linear_base.cu,16,/workspace/prefetch/gpu-app-collection/gardenia/src/bfs/linear_base.cu,16,0
bfs,linear_base,sm80,_Z10bfs_kerneliPKmPKiPi9Worklist2S4_,exact_chain,00c0,LDG.E,00e0,IMAD.WIDE,0100,LDG.E,/workspace/prefetch/gpu-app-collection/gardenia/include/worklistc.h,118,/workspace/prefetch/gpu-app-collection/gardenia/src/bfs/linear_base.cu,16,/workspace/prefetch/gpu-app-collection/gardenia/src/bfs/linear_base.cu,17,0
bfs,linear_base,sm80,_Z10bfs_kerneliPKmPKiPi9Worklist2S4_,exact_chain,01d0,LDG.E,01f0,IMAD.WIDE,0200,LDG.E,/workspace/prefetch/gpu-app-collection/gardenia/src/bfs/linear_base.cu,19,/workspace/prefetch/gpu-app-collection/gardenia/src/bfs/linear_base.cu,20,/workspace/prefetch/gpu-app-collection/gardenia/src/bfs/linear_base.cu,20,4
bfs,linear_base,sm80,_Z10bfs_kerneliPKmPKiPi9Worklist2S4_,exact_chain,0640,LDG.E,0660,IMAD.WIDE,0670,LDG.E,/workspace/prefetch/gpu-app-collection/gardenia/src/bfs/linear_base.cu,19,/workspace/prefetch/gpu-app-collection/gardenia/src/bfs/linear_base.cu,20,/workspace/prefetch/gpu-app-collection/gardenia/src/bfs/linear_base.cu,20,16
bfs,linear_base,sm80,_Z10bfs_kerneliPKmPKiPi9Worklist2S4_,exact_chain,09a0,LDG.E,09c0,IMAD.WIDE,09d0,LDG.E,/workspace/prefetch/gpu-app-collection/gardenia/src/bfs/linear_base.cu,19,/workspace/prefetch/gpu-app-collection/gardenia/src/bfs/linear_base.cu,20,/workspace/prefetch/gpu-app-collection/gardenia/src/bfs/linear_base.cu,20,16
bfs,linear_base,sm80,_Z10bfs_kerneliPKmPKiPi9Worklist2S4_,exact_chain,0d00,LDG.E,0d20,IMAD.WIDE,0d30,LDG.E,/workspace/prefetch/gpu-app-collection/gardenia/src/bfs/linear_base.cu,19,/workspace/prefetch/gpu-app-collection/gardenia/src/bfs/linear_base.cu,20,/workspace/prefetch/gpu-app-collection/gardenia/src/bfs/linear_base.cu,20,16
bfs,linear_base,sm80,_Z10bfs_kerneliPKmPKiPi9Worklist2S4_,exact_chain,1060,LDG.E,1080,IMAD.WIDE,1090,LDG.E,/workspace/prefetch/gpu-app-collection/gardenia/src/bfs/linear_base.cu,19,/workspace/prefetch/gpu-app-collection/gardenia/src/bfs/linear_base.cu,20,/workspace/prefetch/gpu-app-collection/gardenia/src/bfs/linear_base.cu,20,16
sssp,linear_base,sm80,_Z12bellman_fordiPKmPKiPiS3_9Worklist2S4_,exact_chain,00c0,LDG.E,00e0,IMAD.WIDE,00f0,LDG.E,/workspace/prefetch/gpu-app-collection/gardenia/include/worklistc.h,118,/workspace/prefetch/gpu-app-collection/gardenia/src/sssp/linear_base.cu,36,/workspace/prefetch/gpu-app-collection/gardenia/src/sssp/linear_base.cu,36,0
sssp,linear_base,sm80,_Z12bellman_fordiPKmPKiPiS3_9Worklist2S4_,exact_chain,00c0,LDG.E,00e0,IMAD.WIDE,0100,LDG.E,/workspace/prefetch/gpu-app-collection/gardenia/include/worklistc.h,118,/workspace/prefetch/gpu-app-collection/gardenia/src/sssp/linear_base.cu,36,/workspace/prefetch/gpu-app-collection/gardenia/src/sssp/linear_base.cu,37,0
sssp,linear_base,sm80,_Z12bellman_fordiPKmPKiPiS3_9Worklist2S4_,exact_chain,0250,LDG.E,0290,IMAD.WIDE,02a0,LDG.E,/workspace/prefetch/gpu-app-collection/gardenia/src/sssp/linear_base.cu,39,/workspace/prefetch/gpu-app-collection/gardenia/src/sssp/linear_base.cu,40,/workspace/prefetch/gpu-app-collection/gardenia/src/sssp/linear_base.cu,40,4
sssp,linear_base,sm80,_Z12bellman_fordiPKmPKiPiS3_9Worklist2S4_,exact_chain,05d0,LDG.E,0600,IMAD.WIDE,0610,LDG.E,/workspace/prefetch/gpu-app-collection/gardenia/src/sssp/linear_base.cu,39,/workspace/prefetch/gpu-app-collection/gardenia/src/sssp/linear_base.cu,40,/workspace/prefetch/gpu-app-collection/gardenia/src/sssp/linear_base.cu,40,16
sssp,linear_base,sm80,_Z12bellman_fordiPKmPKiPiS3_9Worklist2S4_,exact_chain,07e0,LDG.E,0810,IMAD.WIDE,0820,LDG.E,/workspace/prefetch/gpu-app-collection/gardenia/src/sssp/linear_base.cu,39,/workspace/prefetch/gpu-app-collection/gardenia/src/sssp/linear_base.cu,40,/workspace/prefetch/gpu-app-collection/gardenia/src/sssp/linear_base.cu,40,16
sssp,linear_base,sm80,_Z12bellman_fordiPKmPKiPiS3_9Worklist2S4_,exact_chain,09e0,LDG.E,0a10,IMAD.WIDE,0a20,LDG.E,/workspace/prefetch/gpu-app-collection/gardenia/src/sssp/linear_base.cu,39,/workspace/prefetch/gpu-app-collection/gardenia/src/sssp/linear_base.cu,40,/workspace/prefetch/gpu-app-collection/gardenia/src/sssp/linear_base.cu,40,16
sssp,linear_base,sm80,_Z12bellman_fordiPKmPKiPiS3_9Worklist2S4_,exact_chain,0be0,LDG.E,0c10,IMAD.WIDE,0c20,LDG.E,/workspace/prefetch/gpu-app-collection/gardenia/src/sssp/linear_base.cu,39,/workspace/prefetch/gpu-app-collection/gardenia/src/sssp/linear_base.cu,40,/workspace/prefetch/gpu-app-collection/gardenia/src/sssp/linear_base.cu,40,16
bc,linear_base,sm80,_Z10bc_reverseiPKmPKiS2_S2_S2_iPfS3_,exact_chain,0090,LDG.E,00b0,IMAD.WIDE,00c0,LDG.E,/workspace/prefetch/gpu-app-collection/gardenia/src/bc/linear_base.cu,72,/workspace/prefetch/gpu-app-collection/gardenia/src/bc/linear_base.cu,73,/workspace/prefetch/gpu-app-collection/gardenia/src/bc/linear_base.cu,73,0
bc,linear_base,sm80,_Z10bc_reverseiPKmPKiS2_S2_S2_iPfS3_,exact_chain,0090,LDG.E,00b0,IMAD.WIDE,00d0,LDG.E,/workspace/prefetch/gpu-app-collection/gardenia/src/bc/linear_base.cu,72,/workspace/prefetch/gpu-app-collection/gardenia/src/bc/linear_base.cu,73,/workspace/prefetch/gpu-app-collection/gardenia/src/bc/linear_base.cu,74,0
bc,linear_base,sm80,_Z10bc_reverseiPKmPKiS2_S2_S2_iPfS3_,exact_chain,0200,LDG.E,0220,IMAD.WIDE,0230,LDG.E,/workspace/prefetch/gpu-app-collection/gardenia/src/bc/linear_base.cu,77,/workspace/prefetch/gpu-app-collection/gardenia/src/bc/linear_base.cu,78,/workspace/prefetch/gpu-app-collection/gardenia/src/bc/linear_base.cu,78,4
bc,linear_base,sm80,_Z10bc_reverseiPKmPKiS2_S2_S2_iPfS3_,exact_chain,0520,LDG.E,0540,IMAD.WIDE,0550,LDG.E,/workspace/prefetch/gpu-app-collection/gardenia/src/bc/linear_base.cu,77,/workspace/prefetch/gpu-app-collection/gardenia/src/bc/linear_base.cu,78,/workspace/prefetch/gpu-app-collection/gardenia/src/bc/linear_base.cu,78,16
bc,linear_base,sm80,_Z10bc_reverseiPKmPKiS2_S2_S2_iPfS3_,exact_chain,0740,LDG.E,0760,IMAD.WIDE,0770,LDG.E,/workspace/prefetch/gpu-app-collection/gardenia/src/bc/linear_base.cu,77,/workspace/prefetch/gpu-app-collection/gardenia/src/bc/linear_base.cu,78,/workspace/prefetch/gpu-app-collection/gardenia/src/bc/linear_base.cu,78,16
bc,linear_base,sm80,_Z10bc_reverseiPKmPKiS2_S2_S2_iPfS3_,exact_chain,0960,LDG.E,0980,IMAD.WIDE,0990,LDG.E,/workspace/prefetch/gpu-app-collection/gardenia/src/bc/linear_base.cu,77,/workspace/prefetch/gpu-app-collection/gardenia/src/bc/linear_base.cu,78,/workspace/prefetch/gpu-app-collection/gardenia/src/bc/linear_base.cu,78,16
bc,linear_base,sm80,_Z10bc_reverseiPKmPKiS2_S2_S2_iPfS3_,exact_chain,0b80,LDG.E,0ba0,IMAD.WIDE,0bb0,LDG.E,/workspace/prefetch/gpu-app-collection/gardenia/src/bc/linear_base.cu,77,/workspace/prefetch/gpu-app-collection/gardenia/src/bc/linear_base.cu,78,/workspace/prefetch/gpu-app-collection/gardenia/src/bc/linear_base.cu,78,16
bc,linear_base,sm80,_Z10bc_forwardPKmPKiPiS3_i9Worklist2S4_,exact_chain,00c0,LDG.E,00e0,IMAD.WIDE,00f0,LDG.E,/workspace/prefetch/gpu-app-collection/gardenia/include/worklistc.h,118,/workspace/prefetch/gpu-app-collection/gardenia/src/bc/linear_base.cu,49,/workspace/prefetch/gpu-app-collection/gardenia/src/bc/linear_base.cu,49,0
bc,linear_base,sm80,_Z10bc_forwardPKmPKiPiS3_i9Worklist2S4_,exact_chain,00c0,LDG.E,00e0,IMAD.WIDE,0100,LDG.E,/workspace/prefetch/gpu-app-collection/gardenia/include/worklistc.h,118,/workspace/prefetch/gpu-app-collection/gardenia/src/bc/linear_base.cu,49,/workspace/prefetch/gpu-app-collection/gardenia/src/bc/linear_base.cu,50,0
bc,linear_base,sm80,_Z10bc_forwardPKmPKiPiS3_i9Worklist2S4_,exact_chain,01d0,LDG.E,01f0,IMAD.WIDE,0200,LDG.E,/workspace/prefetch/gpu-app-collection/gardenia/src/bc/linear_base.cu,52,/workspace/prefetch/gpu-app-collection/gardenia/src/bc/linear_base.cu,53,/workspace/prefetch/gpu-app-collection/gardenia/src/bc/linear_base.cu,53,4
bc,linear_base,sm80,_Z10bc_forwardPKmPKiPiS3_i9Worklist2S4_,exact_chain,01d0,LDG.E,01f0,IMAD.WIDE,0570,LDG.E,/workspace/prefetch/gpu-app-collection/gardenia/src/bc/linear_base.cu,52,/workspace/prefetch/gpu-app-collection/gardenia/src/bc/linear_base.cu,53,/workspace/prefetch/gpu-app-collection/gardenia/src/bc/linear_base.cu,56,4
bc,linear_base,sm80,_Z10bc_forwardPKmPKiPiS3_i9Worklist2S4_,exact_chain,06e0,LDG.E,0700,IMAD.WIDE,0710,LDG.E,/workspace/prefetch/gpu-app-collection/gardenia/src/bc/linear_base.cu,52,/workspace/prefetch/gpu-app-collection/gardenia/src/bc/linear_base.cu,53,/workspace/prefetch/gpu-app-collection/gardenia/src/bc/linear_base.cu,53,16
bc,linear_base,sm80,_Z10bc_forwardPKmPKiPiS3_i9Worklist2S4_,exact_chain,06e0,LDG.E,0700,IMAD.WIDE,0a50,LDG.E,/workspace/prefetch/gpu-app-collection/gardenia/src/bc/linear_base.cu,52,/workspace/prefetch/gpu-app-collection/gardenia/src/bc/linear_base.cu,53,/workspace/prefetch/gpu-app-collection/gardenia/src/bc/linear_base.cu,56,16
bc,linear_base,sm80,_Z10bc_forwardPKmPKiPiS3_i9Worklist2S4_,exact_chain,0ae0,LDG.E,0b00,IMAD.WIDE,0b10,LDG.E,/workspace/prefetch/gpu-app-collection/gardenia/src/bc/linear_base.cu,52,/workspace/prefetch/gpu-app-collection/gardenia/src/bc/linear_base.cu,53,/workspace/prefetch/gpu-app-collection/gardenia/src/bc/linear_base.cu,53,16
bc,linear_base,sm80,_Z10bc_forwardPKmPKiPiS3_i9Worklist2S4_,exact_chain,0ae0,LDG.E,0b00,IMAD.WIDE,0e40,LDG.E,/workspace/prefetch/gpu-app-collection/gardenia/src/bc/linear_base.cu,52,/workspace/prefetch/gpu-app-collection/gardenia/src/bc/linear_base.cu,53,/workspace/prefetch/gpu-app-collection/gardenia/src/bc/linear_base.cu,56,16
bc,linear_base,sm80,_Z10bc_forwardPKmPKiPiS3_i9Worklist2S4_,exact_chain,0ed0,LDG.E,0ef0,IMAD.WIDE,0f00,LDG.E,/workspace/prefetch/gpu-app-collection/gardenia/src/bc/linear_base.cu,52,/workspace/prefetch/gpu-app-collection/gardenia/src/bc/linear_base.cu,53,/workspace/prefetch/gpu-app-collection/gardenia/src/bc/linear_base.cu,53,16
bc,linear_base,sm80,_Z10bc_forwardPKmPKiPiS3_i9Worklist2S4_,exact_chain,0ed0,LDG.E,0ef0,IMAD.WIDE,1230,LDG.E,/workspace/prefetch/gpu-app-collection/gardenia/src/bc/linear_base.cu,52,/workspace/prefetch/gpu-app-collection/gardenia/src/bc/linear_base.cu,53,/workspace/prefetch/gpu-app-collection/gardenia/src/bc/linear_base.cu,56,16
bc,linear_base,sm80,_Z10bc_forwardPKmPKiPiS3_i9Worklist2S4_,exact_chain,12c0,LDG.E,12e0,IMAD.WIDE,12f0,LDG.E,/workspace/prefetch/gpu-app-collection/gardenia/src/bc/linear_base.cu,52,/workspace/prefetch/gpu-app-collection/gardenia/src/bc/linear_base.cu,53,/workspace/prefetch/gpu-app-collection/gardenia/src/bc/linear_base.cu,53,16
bc,linear_base,sm80,_Z10bc_forwardPKmPKiPiS3_i9Worklist2S4_,exact_chain,12c0,LDG.E,12e0,IMAD.WIDE,1620,LDG.E,/workspace/prefetch/gpu-app-collection/gardenia/src/bc/linear_base.cu,52,/workspace/prefetch/gpu-app-collection/gardenia/src/bc/linear_base.cu,53,/workspace/prefetch/gpu-app-collection/gardenia/src/bc/linear_base.cu,56,16
ima_tiny_case,,sm80,_ZN45_GLOBAL__N__0d2a9b4b_16_ima_tiny_case_cu_main20ima_tiny_case_kernelEPKiS1_S1_S1_Piiiiiiii,exact_chain,0470,LDG.E,0490,IMAD.WIDE,04a0,LDG.E,/workspace/prefetch/gpu-app-collection/src/cuda/custom-apps/ima_tiny_case/ima_tiny_case.cu,290,/workspace/prefetch/gpu-app-collection/src/cuda/custom-apps/ima_tiny_case/ima_tiny_case.cu,291,/workspace/prefetch/gpu-app-collection/src/cuda/custom-apps/ima_tiny_case/ima_tiny_case.cu,291,0
cc,base,sm80,_Z8shortcutiPi,exact_chain,0090,LDG.E,00a0,IMAD.WIDE,00b0,LDG.E,/workspace/prefetch/gpu-app-collection/gardenia/src/cc/base.cu,34,/workspace/prefetch/gpu-app-collection/gardenia/src/cc/base.cu,34,/workspace/prefetch/gpu-app-collection/gardenia/src/cc/base.cu,34,0
cc,base,sm80,_Z4hookiPKmPKiPiPb,exact_chain,01b0,LDG.E,01d0,IMAD.WIDE,01e0,LDG.E.CONSTANT,/workspace/prefetch/gpu-app-collection/gardenia/src/cc/base.cu,17,/workspace/prefetch/gpu-app-collection/gardenia/src/cc/base.cu,19,/usr/local/cuda/bin/../targets/x86_64-linux/include/sm_32_intrinsics.hpp,112,4
cc,base,sm80,_Z4hookiPKmPKiPiPb,exact_chain,0390,LDG.E,03b0,IMAD.WIDE,03c0,LDG.E.CONSTANT,/workspace/prefetch/gpu-app-collection/gardenia/src/cc/base.cu,17,/workspace/prefetch/gpu-app-collection/gardenia/src/cc/base.cu,19,/usr/local/cuda/bin/../targets/x86_64-linux/include/sm_32_intrinsics.hpp,112,16
cc,base,sm80,_Z4hookiPKmPKiPiPb,exact_chain,04b0,LDG.E,04c0,IMAD.WIDE,04d0,LDG.E.CONSTANT,/workspace/prefetch/gpu-app-collection/gardenia/src/cc/base.cu,17,/workspace/prefetch/gpu-app-collection/gardenia/src/cc/base.cu,19,/usr/local/cuda/bin/../targets/x86_64-linux/include/sm_32_intrinsics.hpp,112,16
cc,base,sm80,_Z4hookiPKmPKiPiPb,exact_chain,05c0,LDG.E,05d0,IMAD.WIDE,05e0,LDG.E.CONSTANT,/workspace/prefetch/gpu-app-collection/gardenia/src/cc/base.cu,17,/workspace/prefetch/gpu-app-collection/gardenia/src/cc/base.cu,19,/usr/local/cuda/bin/../targets/x86_64-linux/include/sm_32_intrinsics.hpp,112,16
cc,base,sm80,_Z4hookiPKmPKiPiPb,exact_chain,06d0,LDG.E,06e0,IMAD.WIDE,06f0,LDG.E.CONSTANT,/workspace/prefetch/gpu-app-collection/gardenia/src/cc/base.cu,17,/workspace/prefetch/gpu-app-collection/gardenia/src/cc/base.cu,19,/usr/local/cuda/bin/../targets/x86_64-linux/include/sm_32_intrinsics.hpp,112,16
symgs,base,sm80,_Z9gs_kerneliPmPiS0_PfS1_S1_,exact_chain,0090,LDG.E,00b0,IMAD.WIDE,00c0,LDG.E,/workspace/prefetch/gpu-app-collection/gardenia/src/symgs/base.cu,15,/workspace/prefetch/gpu-app-collection/gardenia/src/symgs/base.cu,16,/workspace/prefetch/gpu-app-collection/gardenia/src/symgs/base.cu,16,0
symgs,base,sm80,_Z9gs_kerneliPmPiS0_PfS1_S1_,exact_chain,0090,LDG.E,00b0,IMAD.WIDE,00d0,LDG.E,/workspace/prefetch/gpu-app-collection/gardenia/src/symgs/base.cu,15,/workspace/prefetch/gpu-app-collection/gardenia/src/symgs/base.cu,16,/workspace/prefetch/gpu-app-collection/gardenia/src/symgs/base.cu,17,0
vc,linear_base,sm80,_Z16conflict_resolveiPmPi9Worklist2S1_S0_,exact_chain,00c0,LDG.E,00e0,IMAD.WIDE,00f0,LDG.E,/workspace/prefetch/gpu-app-collection/gardenia/src/vc/../../include/worklistc.h,118,/workspace/prefetch/gpu-app-collection/gardenia/src/vc/linear_base.cu,48,/workspace/prefetch/gpu-app-collection/gardenia/src/vc/linear_base.cu,48,0
vc,linear_base,sm80,_Z16conflict_resolveiPmPi9Worklist2S1_S0_,exact_chain,00c0,LDG.E,00e0,IMAD.WIDE,0100,LDG.E,/workspace/prefetch/gpu-app-collection/gardenia/src/vc/../../include/worklistc.h,118,/workspace/prefetch/gpu-app-collection/gardenia/src/vc/linear_base.cu,48,/workspace/prefetch/gpu-app-collection/gardenia/src/vc/linear_base.cu,49,0
vc,linear_base,sm80,_Z16conflict_resolveiPmPi9Worklist2S1_S0_,exact_chain,01b0,LDG.E,01c0,IMAD.WIDE,01d0,LDG.E,/workspace/prefetch/gpu-app-collection/gardenia/src/vc/linear_base.cu,51,/workspace/prefetch/gpu-app-collection/gardenia/src/vc/linear_base.cu,52,/workspace/prefetch/gpu-app-collection/gardenia/src/vc/linear_base.cu,52,4
vc,linear_base,sm80,_Z9first_fitiPmPi9Worklist2S0_,exact_chain,00d0,LDG.E,00f0,IMAD.WIDE,0100,LDG.E,/workspace/prefetch/gpu-app-collection/gardenia/src/vc/../../include/worklistc.h,118,/workspace/prefetch/gpu-app-collection/gardenia/src/vc/linear_base.cu,17,/workspace/prefetch/gpu-app-collection/gardenia/src/vc/linear_base.cu,17,0
vc,linear_base,sm80,_Z9first_fitiPmPi9Worklist2S0_,exact_chain,00d0,LDG.E,00f0,IMAD.WIDE,0110,LDG.E,/workspace/prefetch/gpu-app-collection/gardenia/src/vc/../../include/worklistc.h,118,/workspace/prefetch/gpu-app-collection/gardenia/src/vc/linear_base.cu,17,/workspace/prefetch/gpu-app-collection/gardenia/src/vc/linear_base.cu,18,0
vc,linear_base,sm80,_Z9first_fitiPmPi9Worklist2S0_,exact_chain,0a00,LDG.E,0a10,IMAD.WIDE,0a20,LDG.E,/workspace/prefetch/gpu-app-collection/gardenia/src/vc/linear_base.cu,22,/workspace/prefetch/gpu-app-collection/gardenia/src/vc/linear_base.cu,23,/workspace/prefetch/gpu-app-collection/gardenia/src/vc/linear_base.cu,23,4
vc,linear_base,sm80,_Z9first_fitiPmPi9Worklist2S0_,exact_chain,0b70,LDG.E,0cd0,IMAD.WIDE,0ce0,LDG.E,/workspace/prefetch/gpu-app-collection/gardenia/src/vc/linear_base.cu,22,/workspace/prefetch/gpu-app-collection/gardenia/src/vc/linear_base.cu,23,/workspace/prefetch/gpu-app-collection/gardenia/src/vc/linear_base.cu,23,64
vc,linear_base,sm80,_Z9first_fitiPmPi9Worklist2S0_,exact_chain,0b80,LDG.E,0d10,IMAD.WIDE,0d20,LDG.E,/workspace/prefetch/gpu-app-collection/gardenia/src/vc/linear_base.cu,22,/workspace/prefetch/gpu-app-collection/gardenia/src/vc/linear_base.cu,23,/workspace/prefetch/gpu-app-collection/gardenia/src/vc/linear_base.cu,23,64
vc,linear_base,sm80,_Z9first_fitiPmPi9Worklist2S0_,exact_chain,0b90,LDG.E,0cf0,IMAD.WIDE,0d00,LDG.E,/workspace/prefetch/gpu-app-collection/gardenia/src/vc/linear_base.cu,22,/workspace/prefetch/gpu-app-collection/gardenia/src/vc/linear_base.cu,23,/workspace/prefetch/gpu-app-collection/gardenia/src/vc/linear_base.cu,23,64
vc,linear_base,sm80,_Z9first_fitiPmPi9Worklist2S0_,exact_chain,0bb0,LDG.E,0d30,IMAD.WIDE,0d40,LDG.E,/workspace/prefetch/gpu-app-collection/gardenia/src/vc/linear_base.cu,22,/workspace/prefetch/gpu-app-collection/gardenia/src/vc/linear_base.cu,23,/workspace/prefetch/gpu-app-collection/gardenia/src/vc/linear_base.cu,23,64
vc,linear_base,sm80,_Z9first_fitiPmPi9Worklist2S0_,exact_chain,0be0,LDG.E,0d60,IMAD.WIDE,0d80,LDG.E,/workspace/prefetch/gpu-app-collection/gardenia/src/vc/linear_base.cu,22,/workspace/prefetch/gpu-app-collection/gardenia/src/vc/linear_base.cu,23,/workspace/prefetch/gpu-app-collection/gardenia/src/vc/linear_base.cu,23,64
vc,linear_base,sm80,_Z9first_fitiPmPi9Worklist2S0_,exact_chain,0c00,LDG.E,0d70,IMAD.WIDE,0da0,LDG.E,/workspace/prefetch/gpu-app-collection/gardenia/src/vc/linear_base.cu,22,/workspace/prefetch/gpu-app-collection/gardenia/src/vc/linear_base.cu,23,/workspace/prefetch/gpu-app-collection/gardenia/src/vc/linear_base.cu,23,64
vc,linear_base,sm80,_Z9first_fitiPmPi9Worklist2S0_,exact_chain,0c10,LDG.E,0d50,IMAD.WIDE,0db0,LDG.E,/workspace/prefetch/gpu-app-collection/gardenia/src/vc/linear_base.cu,22,/workspace/prefetch/gpu-app-collection/gardenia/src/vc/linear_base.cu,23,/workspace/prefetch/gpu-app-collection/gardenia/src/vc/linear_base.cu,23,64
vc,linear_base,sm80,_Z9first_fitiPmPi9Worklist2S0_,exact_chain,0c20,LDG.E,0d90,IMAD.WIDE,0de0,LDG.E,/workspace/prefetch/gpu-app-collection/gardenia/src/vc/linear_base.cu,22,/workspace/prefetch/gpu-app-collection/gardenia/src/vc/linear_base.cu,23,/workspace/prefetch/gpu-app-collection/gardenia/src/vc/linear_base.cu,23,64
vc,linear_base,sm80,_Z9first_fitiPmPi9Worklist2S0_,exact_chain,0c30,LDG.E,0dc0,IMAD.WIDE,0df0,LDG.E,/workspace/prefetch/gpu-app-collection/gardenia/src/vc/linear_base.cu,22,/workspace/prefetch/gpu-app-collection/gardenia/src/vc/linear_base.cu,23,/workspace/prefetch/gpu-app-collection/gardenia/src/vc/linear_base.cu,23,64
vc,linear_base,sm80,_Z9first_fitiPmPi9Worklist2S0_,exact_chain,0c40,LDG.E,0dd0,IMAD.WIDE,0e00,LDG.E,/workspace/prefetch/gpu-app-collection/gardenia/src/vc/linear_base.cu,22,/workspace/prefetch/gpu-app-collection/gardenia/src/vc/linear_base.cu,23,/workspace/prefetch/gpu-app-collection/gardenia/src/vc/linear_base.cu,23,64
vc,linear_base,sm80,_Z9first_fitiPmPi9Worklist2S0_,exact_chain,0c60,LDG.E,0e10,IMAD.WIDE,0e30,LDG.E,/workspace/prefetch/gpu-app-collection/gardenia/src/vc/linear_base.cu,22,/workspace/prefetch/gpu-app-collection/gardenia/src/vc/linear_base.cu,23,/workspace/prefetch/gpu-app-collection/gardenia/src/vc/linear_base.cu,23,64
vc,linear_base,sm80,_Z9first_fitiPmPi9Worklist2S0_,exact_chain,0c80,LDG.E,0e20,IMAD.WIDE,0e40,LDG.E,/workspace/prefetch/gpu-app-collection/gardenia/src/vc/linear_base.cu,22,/workspace/prefetch/gpu-app-collection/gardenia/src/vc/linear_base.cu,23,/workspace/prefetch/gpu-app-collection/gardenia/src/vc/linear_base.cu,23,64
vc,linear_base,sm80,_Z9first_fitiPmPi9Worklist2S0_,exact_chain,0c90,LDG.E,0e50,IMAD.WIDE,0e70,LDG.E,/workspace/prefetch/gpu-app-collection/gardenia/src/vc/linear_base.cu,22,/workspace/prefetch/gpu-app-collection/gardenia/src/vc/linear_base.cu,23,/workspace/prefetch/gpu-app-collection/gardenia/src/vc/linear_base.cu,23,64
vc,linear_base,sm80,_Z9first_fitiPmPi9Worklist2S0_,exact_chain,0ca0,LDG.E,0e60,IMAD.WIDE,0eb0,LDG.E,/workspace/prefetch/gpu-app-collection/gardenia/src/vc/linear_base.cu,22,/workspace/prefetch/gpu-app-collection/gardenia/src/vc/linear_base.cu,23,/workspace/prefetch/gpu-app-collection/gardenia/src/vc/linear_base.cu,23,64
vc,linear_base,sm80,_Z9first_fitiPmPi9Worklist2S0_,exact_chain,0cb0,LDG.E,0e80,IMAD.WIDE,0e90,LDG.E,/workspace/prefetch/gpu-app-collection/gardenia/src/vc/linear_base.cu,22,/workspace/prefetch/gpu-app-collection/gardenia/src/vc/linear_base.cu,23,/workspace/prefetch/gpu-app-collection/gardenia/src/vc/linear_base.cu,23,64
vc,linear_base,sm80,_Z9first_fitiPmPi9Worklist2S0_,exact_chain,0cc0,LDG.E,0ea0,IMAD.WIDE,0ec0,LDG.E,/workspace/prefetch/gpu-app-collection/gardenia/src/vc/linear_base.cu,22,/workspace/prefetch/gpu-app-collection/gardenia/src/vc/linear_base.cu,23,/workspace/prefetch/gpu-app-collection/gardenia/src/vc/linear_base.cu,23,64
vc,linear_base,sm80,_Z9first_fitiPmPi9Worklist2S0_,exact_chain,1340,LDG.E,13e0,IMAD.WIDE,13f0,LDG.E,/workspace/prefetch/gpu-app-collection/gardenia/src/vc/linear_base.cu,22,/workspace/prefetch/gpu-app-collection/gardenia/src/vc/linear_base.cu,23,/workspace/prefetch/gpu-app-collection/gardenia/src/vc/linear_base.cu,23,32
vc,linear_base,sm80,_Z9first_fitiPmPi9Worklist2S0_,exact_chain,1360,LDG.E,1400,IMAD.WIDE,1420,LDG.E,/workspace/prefetch/gpu-app-collection/gardenia/src/vc/linear_base.cu,22,/workspace/prefetch/gpu-app-collection/gardenia/src/vc/linear_base.cu,23,/workspace/prefetch/gpu-app-collection/gardenia/src/vc/linear_base.cu,23,32
vc,linear_base,sm80,_Z9first_fitiPmPi9Worklist2S0_,exact_chain,1380,LDG.E,1410,IMAD.WIDE,1440,LDG.E,/workspace/prefetch/gpu-app-collection/gardenia/src/vc/linear_base.cu,22,/workspace/prefetch/gpu-app-collection/gardenia/src/vc/linear_base.cu,23,/workspace/prefetch/gpu-app-collection/gardenia/src/vc/linear_base.cu,23,32
vc,linear_base,sm80,_Z9first_fitiPmPi9Worklist2S0_,exact_chain,1390,LDG.E,1430,IMAD.WIDE,1460,LDG.E,/workspace/prefetch/gpu-app-collection/gardenia/src/vc/linear_base.cu,22,/workspace/prefetch/gpu-app-collection/gardenia/src/vc/linear_base.cu,23,/workspace/prefetch/gpu-app-collection/gardenia/src/vc/linear_base.cu,23,32
vc,linear_base,sm80,_Z9first_fitiPmPi9Worklist2S0_,exact_chain,13a0,LDG.E,1450,IMAD.WIDE,1480,LDG.E,/workspace/prefetch/gpu-app-collection/gardenia/src/vc/linear_base.cu,22,/workspace/prefetch/gpu-app-collection/gardenia/src/vc/linear_base.cu,23,/workspace/prefetch/gpu-app-collection/gardenia/src/vc/linear_base.cu,23,32
vc,linear_base,sm80,_Z9first_fitiPmPi9Worklist2S0_,exact_chain,13b0,LDG.E,1470,IMAD.WIDE,14a0,LDG.E,/workspace/prefetch/gpu-app-collection/gardenia/src/vc/linear_base.cu,22,/workspace/prefetch/gpu-app-collection/gardenia/src/vc/linear_base.cu,23,/workspace/prefetch/gpu-app-collection/gardenia/src/vc/linear_base.cu,23,32
vc,linear_base,sm80,_Z9first_fitiPmPi9Worklist2S0_,exact_chain,13c0,LDG.E,1490,IMAD.WIDE,14c0,LDG.E,/workspace/prefetch/gpu-app-collection/gardenia/src/vc/linear_base.cu,22,/workspace/prefetch/gpu-app-collection/gardenia/src/vc/linear_base.cu,23,/workspace/prefetch/gpu-app-collection/gardenia/src/vc/linear_base.cu,23,32
vc,linear_base,sm80,_Z9first_fitiPmPi9Worklist2S0_,exact_chain,13d0,LDG.E,14b0,IMAD.WIDE,14d0,LDG.E,/workspace/prefetch/gpu-app-collection/gardenia/src/vc/linear_base.cu,22,/workspace/prefetch/gpu-app-collection/gardenia/src/vc/linear_base.cu,23,/workspace/prefetch/gpu-app-collection/gardenia/src/vc/linear_base.cu,23,32
vc,linear_base,sm80,_Z9first_fitiPmPi9Worklist2S0_,exact_chain,1740,LDG.E,1780,IMAD.WIDE,17a0,LDG.E,/workspace/prefetch/gpu-app-collection/gardenia/src/vc/linear_base.cu,22,/workspace/prefetch/gpu-app-collection/gardenia/src/vc/linear_base.cu,23,/workspace/prefetch/gpu-app-collection/gardenia/src/vc/linear_base.cu,23,16
vc,linear_base,sm80,_Z9first_fitiPmPi9Worklist2S0_,exact_chain,1750,LDG.E,1790,IMAD.WIDE,17c0,LDG.E,/workspace/prefetch/gpu-app-collection/gardenia/src/vc/linear_base.cu,22,/workspace/prefetch/gpu-app-collection/gardenia/src/vc/linear_base.cu,23,/workspace/prefetch/gpu-app-collection/gardenia/src/vc/linear_base.cu,23,16
vc,linear_base,sm80,_Z9first_fitiPmPi9Worklist2S0_,exact_chain,1760,LDG.E,17b0,IMAD.WIDE,17e0,LDG.E,/workspace/prefetch/gpu-app-collection/gardenia/src/vc/linear_base.cu,22,/workspace/prefetch/gpu-app-collection/gardenia/src/vc/linear_base.cu,23,/workspace/prefetch/gpu-app-collection/gardenia/src/vc/linear_base.cu,23,16
vc,linear_base,sm80,_Z9first_fitiPmPi9Worklist2S0_,exact_chain,1770,LDG.E,17d0,IMAD.WIDE,17f0,LDG.E,/workspace/prefetch/gpu-app-collection/gardenia/src/vc/linear_base.cu,22,/workspace/prefetch/gpu-app-collection/gardenia/src/vc/linear_base.cu,23,/workspace/prefetch/gpu-app-collection/gardenia/src/vc/linear_base.cu,23,16
pann_mis,,sm80,_Z4mis2PiS_S_S_S_S_S_ii,exact_chain,0320,LDG.E,0340,IMAD.WIDE,0350,LDG.E,/workspace/prefetch/gpu-app-collection/src/cuda/pannotia/mis/kernel.cu,168,/workspace/prefetch/gpu-app-collection/src/cuda/pannotia/mis/kernel.cu,168,/workspace/prefetch/gpu-app-collection/src/cuda/pannotia/mis/kernel.cu,168,4
pann_mis,,sm80,_Z4mis2PiS_S_S_S_S_S_ii,exact_chain,0450,LDG.E,0470,IMAD.WIDE,0480,LDG.E,/workspace/prefetch/gpu-app-collection/src/cuda/pannotia/mis/kernel.cu,168,/workspace/prefetch/gpu-app-collection/src/cuda/pannotia/mis/kernel.cu,168,/workspace/prefetch/gpu-app-collection/src/cuda/pannotia/mis/kernel.cu,168,4
pann_mis,,sm80,_Z4mis2PiS_S_S_S_S_S_ii,exact_chain,04f0,LDG.E,0500,IMAD.WIDE,0510,LDG.E,/workspace/prefetch/gpu-app-collection/src/cuda/pannotia/mis/kernel.cu,168,/workspace/prefetch/gpu-app-collection/src/cuda/pannotia/mis/kernel.cu,168,/workspace/prefetch/gpu-app-collection/src/cuda/pannotia/mis/kernel.cu,168,4
pann_mis,,sm80,_Z4mis2PiS_S_S_S_S_S_ii,exact_chain,0580,LDG.E,0590,IMAD.WIDE,05a0,LDG.E,/workspace/prefetch/gpu-app-collection/src/cuda/pannotia/mis/kernel.cu,168,/workspace/prefetch/gpu-app-collection/src/cuda/pannotia/mis/kernel.cu,168,/workspace/prefetch/gpu-app-collection/src/cuda/pannotia/mis/kernel.cu,168,4
pann_mis,,sm80,_Z4mis2PiS_S_S_S_S_S_ii,exact_chain,0610,LDG.E,0620,IMAD.WIDE,0630,LDG.E,/workspace/prefetch/gpu-app-collection/src/cuda/pannotia/mis/kernel.cu,168,/workspace/prefetch/gpu-app-collection/src/cuda/pannotia/mis/kernel.cu,168,/workspace/prefetch/gpu-app-collection/src/cuda/pannotia/mis/kernel.cu,168,4
pann_mis,,sm80,_Z4mis1PiS_S_S_S_S_S_ii,exact_chain,02a0,LDG.E,02f0,IMAD.WIDE,0310,LDG.E,/workspace/prefetch/gpu-app-collection/src/cuda/pannotia/mis/kernel.cu,117,/workspace/prefetch/gpu-app-collection/src/cuda/pannotia/mis/kernel.cu,117,/workspace/prefetch/gpu-app-collection/src/cuda/pannotia/mis/kernel.cu,117,4
pann_mis,,sm80,_Z4mis1PiS_S_S_S_S_S_ii,exact_chain,02b0,LDG.E,0300,IMAD.WIDE,0330,LDG.E,/workspace/prefetch/gpu-app-collection/src/cuda/pannotia/mis/kernel.cu,117,/workspace/prefetch/gpu-app-collection/src/cuda/pannotia/mis/kernel.cu,117,/workspace/prefetch/gpu-app-collection/src/cuda/pannotia/mis/kernel.cu,117,4
pann_mis,,sm80,_Z4mis1PiS_S_S_S_S_S_ii,exact_chain,02c0,LDG.E,0320,IMAD.WIDE,0350,LDG.E,/workspace/prefetch/gpu-app-collection/src/cuda/pannotia/mis/kernel.cu,117,/workspace/prefetch/gpu-app-collection/src/cuda/pannotia/mis/kernel.cu,117,/workspace/prefetch/gpu-app-collection/src/cuda/pannotia/mis/kernel.cu,117,4
pann_mis,,sm80,_Z4mis1PiS_S_S_S_S_S_ii,exact_chain,02d0,LDG.E,0340,IMAD.WIDE,0360,LDG.E,/workspace/prefetch/gpu-app-collection/src/cuda/pannotia/mis/kernel.cu,117,/workspace/prefetch/gpu-app-collection/src/cuda/pannotia/mis/kernel.cu,117,/workspace/prefetch/gpu-app-collection/src/cuda/pannotia/mis/kernel.cu,117,4
pann_mis,,sm80,_Z4mis1PiS_S_S_S_S_S_ii,exact_chain,05b0,LDG.E,05d0,IMAD.WIDE,05e0,LDG.E,/workspace/prefetch/gpu-app-collection/src/cuda/pannotia/mis/kernel.cu,117,/workspace/prefetch/gpu-app-collection/src/cuda/pannotia/mis/kernel.cu,117,/workspace/prefetch/gpu-app-collection/src/cuda/pannotia/mis/kernel.cu,117,4
pann_color,,sm80,_Z6color1PiS_S_S_S_S_iii,exact_chain,02e0,LDG.E,0300,IMAD.WIDE,0310,LDG.E,/workspace/prefetch/gpu-app-collection/src/cuda/pannotia/color/kernel_max.cu,94,/workspace/prefetch/gpu-app-collection/src/cuda/pannotia/color/kernel_max.cu,94,/workspace/prefetch/gpu-app-collection/src/cuda/pannotia/color/kernel_max.cu,94,4
pann_color,,sm80,_Z6color1PiS_S_S_S_S_iii,exact_chain,0350,LDG.E,0370,IMAD.WIDE,0380,LDG.E,/workspace/prefetch/gpu-app-collection/src/cuda/pannotia/color/kernel_max.cu,94,/workspace/prefetch/gpu-app-collection/src/cuda/pannotia/color/kernel_max.cu,94,/workspace/prefetch/gpu-app-collection/src/cuda/pannotia/color/kernel_max.cu,94,4
pann_color,,sm80,_Z6color1PiS_S_S_S_S_iii,exact_chain,0360,LDG.E,0390,IMAD.WIDE,03a0,LDG.E,/workspace/prefetch/gpu-app-collection/src/cuda/pannotia/color/kernel_max.cu,96,/workspace/prefetch/gpu-app-collection/src/cuda/pannotia/color/kernel_max.cu,96,/workspace/prefetch/gpu-app-collection/src/cuda/pannotia/color/kernel_max.cu,96,4
pann_color,,sm80,_Z6color1PiS_S_S_S_S_iii,exact_chain,03e0,LDG.E,0400,IMAD.WIDE,0410,LDG.E,/workspace/prefetch/gpu-app-collection/src/cuda/pannotia/color/kernel_max.cu,94,/workspace/prefetch/gpu-app-collection/src/cuda/pannotia/color/kernel_max.cu,94,/workspace/prefetch/gpu-app-collection/src/cuda/pannotia/color/kernel_max.cu,94,4
pann_color,,sm80,_Z6color1PiS_S_S_S_S_iii,exact_chain,03f0,LDG.E,0420,IMAD.WIDE,0430,LDG.E,/workspace/prefetch/gpu-app-collection/src/cuda/pannotia/color/kernel_max.cu,96,/workspace/prefetch/gpu-app-collection/src/cuda/pannotia/color/kernel_max.cu,96,/workspace/prefetch/gpu-app-collection/src/cuda/pannotia/color/kernel_max.cu,96,4
pann_color,,sm80,_Z6color1PiS_S_S_S_S_iii,exact_chain,0470,LDG.E,0490,IMAD.WIDE,04a0,LDG.E,/workspace/prefetch/gpu-app-collection/src/cuda/pannotia/color/kernel_max.cu,94,/workspace/prefetch/gpu-app-collection/src/cuda/pannotia/color/kernel_max.cu,94,/workspace/prefetch/gpu-app-collection/src/cuda/pannotia/color/kernel_max.cu,94,4
pann_color,,sm80,_Z6color1PiS_S_S_S_S_iii,exact_chain,0480,LDG.E,04b0,IMAD.WIDE,04c0,LDG.E,/workspace/prefetch/gpu-app-collection/src/cuda/pannotia/color/kernel_max.cu,96,/workspace/prefetch/gpu-app-collection/src/cuda/pannotia/color/kernel_max.cu,96,/workspace/prefetch/gpu-app-collection/src/cuda/pannotia/color/kernel_max.cu,96,4
pann_color,,sm80,_Z6color1PiS_S_S_S_S_iii,exact_chain,0500,LDG.E,0550,IMAD.WIDE,0560,LDG.E,/workspace/prefetch/gpu-app-collection/src/cuda/pannotia/color/kernel_max.cu,96,/workspace/prefetch/gpu-app-collection/src/cuda/pannotia/color/kernel_max.cu,96,/workspace/prefetch/gpu-app-collection/src/cuda/pannotia/color/kernel_max.cu,96,4
pann_color,,sm80,_Z6color1PiS_S_S_S_S_iii,exact_chain,0600,LDG.E,0620,IMAD.WIDE,0630,LDG.E,/workspace/prefetch/gpu-app-collection/src/cuda/pannotia/color/kernel_max.cu,94,/workspace/prefetch/gpu-app-collection/src/cuda/pannotia/color/kernel_max.cu,94,/workspace/prefetch/gpu-app-collection/src/cuda/pannotia/color/kernel_max.cu,94,4
pann_color,,sm80,_Z6color1PiS_S_S_S_S_iii,exact_chain,06a0,LDG.E,06d0,IMAD.WIDE,06e0,LDG.E,/workspace/prefetch/gpu-app-collection/src/cuda/pannotia/color/kernel_max.cu,96,/workspace/prefetch/gpu-app-collection/src/cuda/pannotia/color/kernel_max.cu,96,/workspace/prefetch/gpu-app-collection/src/cuda/pannotia/color/kernel_max.cu,96,4
ls_mst,,sm80,_Z9elim_dupsPj5Graph14ComponentSpaceS_S_S_S_PbS_j,exact_chain,02c0,LDG.E,0310,IMAD.WIDE.U32,0320,LDG.E,/workspace/prefetch/gpu-app-collection/src/cuda/lonestargpu-2.0/apps/mst/main.cu,172,/workspace/prefetch/gpu-app-collection/src/cuda/lonestargpu-2.0/apps/mst/main.cu,174,/workspace/prefetch/gpu-app-collection/src/cuda/lonestargpu-2.0/apps/mst/main.cu,174,4
ls_mst,,sm80,_Z11dfindeleminPj5Graph14ComponentSpaceS_S_S_S_PbS_j,exact_chain,0730,LDG.E,07b0,IMAD.WIDE.U32,07c0,LDG.E,/workspace/prefetch/gpu-app-collection/src/cuda/lonestargpu-2.0/apps/mst/main.cu,0,/workspace/prefetch/gpu-app-collection/src/cuda/lonestargpu-2.0/apps/mst/main.cu,0,/workspace/prefetch/gpu-app-collection/src/cuda/lonestargpu-2.0/apps/mst/main.cu,0,4
ls_mst,,sm80,_Z12dfindelemin2Pj5Graph14ComponentSpaceS_S_S_S_PbS_j,exact_chain,07f0,LDG.E,0870,IMAD.WIDE.U32,0880,LDG.E,/workspace/prefetch/gpu-app-collection/src/cuda/lonestargpu-2.0/apps/mst/main.cu,0,/workspace/prefetch/gpu-app-collection/src/cuda/lonestargpu-2.0/apps/mst/main.cu,0,/workspace/prefetch/gpu-app-collection/src/cuda/lonestargpu-2.0/apps/mst/main.cu,0,4
ls_dmr,,sm80,_Z15check_triangles4MeshPj9Worklist2i,exact_chain,0240,LDG.E,02b0,IMAD.WIDE.U32,02d0,LDG.E.64,/workspace/prefetch/gpu-app-collection/src/cuda/lonestargpu-2.0/apps/dmr/dmr.cu,733,/workspace/prefetch/gpu-app-collection/src/cuda/lonestargpu-2.0/apps/dmr/geomprim.h,31,/workspace/prefetch/gpu-app-collection/src/cuda/lonestargpu-2.0/apps/dmr/geomprim.h,31,4
ls_dmr,,sm80,_Z15check_triangles4MeshPj9Worklist2i,exact_chain,0240,LDG.E,02e0,IMAD.WIDE.U32,0310,LDG.E.64,/workspace/prefetch/gpu-app-collection/src/cuda/lonestargpu-2.0/apps/dmr/dmr.cu,733,/workspace/prefetch/gpu-app-collection/src/cuda/lonestargpu-2.0/apps/dmr/geomprim.h,30,/workspace/prefetch/gpu-app-collection/src/cuda/lonestargpu-2.0/apps/dmr/geomprim.h,30,4
ls_dmr,,sm80,_Z15check_triangles4MeshPj9Worklist2i,exact_chain,0250,LDG.E,02c0,IMAD.WIDE.U32,02f0,LDG.E.64,/workspace/prefetch/gpu-app-collection/src/cuda/lonestargpu-2.0/apps/dmr/dmr.cu,733,/workspace/prefetch/gpu-app-collection/src/cuda/lonestargpu-2.0/apps/dmr/geomprim.h,33,/workspace/prefetch/gpu-app-collection/src/cuda/lonestargpu-2.0/apps/dmr/geomprim.h,33,4
ls_dmr,,sm80,_Z15check_triangles4MeshPj9Worklist2i,exact_chain,0250,LDG.E,0300,IMAD.WIDE.U32,0320,LDG.E.64,/workspace/prefetch/gpu-app-collection/src/cuda/lonestargpu-2.0/apps/dmr/dmr.cu,733,/workspace/prefetch/gpu-app-collection/src/cuda/lonestargpu-2.0/apps/dmr/geomprim.h,32,/workspace/prefetch/gpu-app-collection/src/cuda/lonestargpu-2.0/apps/dmr/geomprim.h,32,4
ls_dmr,,sm80,_Z6refine4MeshiPjS0_13GlobalBarrier9Worklist2S2_,exact_chain,0730,LDG.E,07a0,IMAD.WIDE.U32,07c0,LDG.E.64,/workspace/prefetch/gpu-app-collection/src/cuda/lonestargpu-2.0/apps/dmr/dmr.cu,450,/workspace/prefetch/gpu-app-collection/src/cuda/lonestargpu-2.0/apps/dmr/geomprim.h,19,/workspace/prefetch/gpu-app-collection/src/cuda/lonestargpu-2.0/apps/dmr/geomprim.h,19,4
ls_dmr,,sm80,_Z6refine4MeshiPjS0_13GlobalBarrier9Worklist2S2_,exact_chain,0730,LDG.E,07d0,IMAD.WIDE.U32,0800,LDG.E.64,/workspace/prefetch/gpu-app-collection/src/cuda/lonestargpu-2.0/apps/dmr/dmr.cu,450,/workspace/prefetch/gpu-app-collection/src/cuda/lonestargpu-2.0/apps/dmr/geomprim.h,18,/workspace/prefetch/gpu-app-collection/src/cuda/lonestargpu-2.0/apps/dmr/geomprim.h,18,4
ls_dmr,,sm80,_Z6refine4MeshiPjS0_13GlobalBarrier9Worklist2S2_,exact_chain,0740,LDG.E,07b0,IMAD.WIDE.U32,07e0,LDG.E.64,/workspace/prefetch/gpu-app-collection/src/cuda/lonestargpu-2.0/apps/dmr/dmr.cu,450,/workspace/prefetch/gpu-app-collection/src/cuda/lonestargpu-2.0/apps/dmr/geomprim.h,21,/workspace/prefetch/gpu-app-collection/src/cuda/lonestargpu-2.0/apps/dmr/geomprim.h,21,4
ls_dmr,,sm80,_Z6refine4MeshiPjS0_13GlobalBarrier9Worklist2S2_,exact_chain,0740,LDG.E,07f0,IMAD.WIDE.U32,0810,LDG.E.64,/workspace/prefetch/gpu-app-collection/src/cuda/lonestargpu-2.0/apps/dmr/dmr.cu,450,/workspace/prefetch/gpu-app-collection/src/cuda/lonestargpu-2.0/apps/dmr/geomprim.h,20,/workspace/prefetch/gpu-app-collection/src/cuda/lonestargpu-2.0/apps/dmr/geomprim.h,20,4
ls_dmr,,sm80,_Z6refine4MeshiPjS0_13GlobalBarrier9Worklist2S2_,exact_chain,3550,LDG.E,3590,IMAD.WIDE.U32,35b0,LDG.E.64,/workspace/prefetch/gpu-app-collection/src/cuda/lonestargpu-2.0/apps/dmr/dmr.cu,147,/workspace/prefetch/gpu-app-collection/src/cuda/lonestargpu-2.0/apps/dmr/dmr.cu,147,/workspace/prefetch/gpu-app-collection/src/cuda/lonestargpu-2.0/apps/dmr/dmr.cu,147,4
ls_dmr,,sm80,_Z6refine4MeshiPjS0_13GlobalBarrier9Worklist2S2_,exact_chain,3550,LDG.E,35c0,IMAD.WIDE.U32,35f0,LDG.E.64,/workspace/prefetch/gpu-app-collection/src/cuda/lonestargpu-2.0/apps/dmr/dmr.cu,147,/workspace/prefetch/gpu-app-collection/src/cuda/lonestargpu-2.0/apps/dmr/dmr.cu,147,/workspace/prefetch/gpu-app-collection/src/cuda/lonestargpu-2.0/apps/dmr/dmr.cu,147,4
ls_dmr,,sm80,_Z6refine4MeshiPjS0_13GlobalBarrier9Worklist2S2_,exact_chain,3560,LDG.E,35a0,IMAD.WIDE.U32,35d0,LDG.E.64,/workspace/prefetch/gpu-app-collection/src/cuda/lonestargpu-2.0/apps/dmr/dmr.cu,147,/workspace/prefetch/gpu-app-collection/src/cuda/lonestargpu-2.0/apps/dmr/dmr.cu,147,/workspace/prefetch/gpu-app-collection/src/cuda/lonestargpu-2.0/apps/dmr/dmr.cu,147,4
ls_dmr,,sm80,_Z6refine4MeshiPjS0_13GlobalBarrier9Worklist2S2_,exact_chain,3560,LDG.E,35e0,IMAD.WIDE.U32,3600,LDG.E.64,/workspace/prefetch/gpu-app-collection/src/cuda/lonestargpu-2.0/apps/dmr/dmr.cu,147,/workspace/prefetch/gpu-app-collection/src/cuda/lonestargpu-2.0/apps/dmr/dmr.cu,147,/workspace/prefetch/gpu-app-collection/src/cuda/lonestargpu-2.0/apps/dmr/dmr.cu,147,4
ls_dmr,,sm80,_Z6refine4MeshiPjS0_13GlobalBarrier9Worklist2S2_,exact_chain,3910,LDG.E,3950,IMAD.WIDE.U32,3970,LDG.E.64,/workspace/prefetch/gpu-app-collection/src/cuda/lonestargpu-2.0/apps/dmr/dmr.cu,147,/workspace/prefetch/gpu-app-collection/src/cuda/lonestargpu-2.0/apps/dmr/dmr.cu,147,/workspace/prefetch/gpu-app-collection/src/cuda/lonestargpu-2.0/apps/dmr/dmr.cu,147,4
ls_dmr,,sm80,_Z6refine4MeshiPjS0_13GlobalBarrier9Worklist2S2_,exact_chain,3910,LDG.E,3980,IMAD.WIDE.U32,39b0,LDG.E.64,/workspace/prefetch/gpu-app-collection/src/cuda/lonestargpu-2.0/apps/dmr/dmr.cu,147,/workspace/prefetch/gpu-app-collection/src/cuda/lonestargpu-2.0/apps/dmr/dmr.cu,147,/workspace/prefetch/gpu-app-collection/src/cuda/lonestargpu-2.0/apps/dmr/dmr.cu,147,4
ls_dmr,,sm80,_Z6refine4MeshiPjS0_13GlobalBarrier9Worklist2S2_,exact_chain,3920,LDG.E,3960,IMAD.WIDE.U32,3990,LDG.E.64,/workspace/prefetch/gpu-app-collection/src/cuda/lonestargpu-2.0/apps/dmr/dmr.cu,147,/workspace/prefetch/gpu-app-collection/src/cuda/lonestargpu-2.0/apps/dmr/dmr.cu,147,/workspace/prefetch/gpu-app-collection/src/cuda/lonestargpu-2.0/apps/dmr/dmr.cu,147,4
ls_dmr,,sm80,_Z6refine4MeshiPjS0_13GlobalBarrier9Worklist2S2_,exact_chain,3920,LDG.E,39a0,IMAD.WIDE.U32,39c0,LDG.E.64,/workspace/prefetch/gpu-app-collection/src/cuda/lonestargpu-2.0/apps/dmr/dmr.cu,147,/workspace/prefetch/gpu-app-collection/src/cuda/lonestargpu-2.0/apps/dmr/dmr.cu,147,/workspace/prefetch/gpu-app-collection/src/cuda/lonestargpu-2.0/apps/dmr/dmr.cu,147,4
ls_dmr,,sm80,_Z6refine4MeshiPjS0_13GlobalBarrier9Worklist2S2_,exact_chain,55b0,LDG.E,55f0,IMAD.WIDE.U32,5610,LDG.E.64,/workspace/prefetch/gpu-app-collection/src/cuda/lonestargpu-2.0/apps/dmr/dmr.cu,147,/workspace/prefetch/gpu-app-collection/src/cuda/lonestargpu-2.0/apps/dmr/dmr.cu,147,/workspace/prefetch/gpu-app-collection/src/cuda/lonestargpu-2.0/apps/dmr/dmr.cu,147,4
ls_dmr,,sm80,_Z6refine4MeshiPjS0_13GlobalBarrier9Worklist2S2_,exact_chain,55b0,LDG.E,5620,IMAD.WIDE.U32,5650,LDG.E.64,/workspace/prefetch/gpu-app-collection/src/cuda/lonestargpu-2.0/apps/dmr/dmr.cu,147,/workspace/prefetch/gpu-app-collection/src/cuda/lonestargpu-2.0/apps/dmr/dmr.cu,147,/workspace/prefetch/gpu-app-collection/src/cuda/lonestargpu-2.0/apps/dmr/dmr.cu,147,4
ls_dmr,,sm80,_Z6refine4MeshiPjS0_13GlobalBarrier9Worklist2S2_,exact_chain,55c0,LDG.E,5600,IMAD.WIDE.U32,5630,LDG.E.64,/workspace/prefetch/gpu-app-collection/src/cuda/lonestargpu-2.0/apps/dmr/dmr.cu,147,/workspace/prefetch/gpu-app-collection/src/cuda/lonestargpu-2.0/apps/dmr/dmr.cu,147,/workspace/prefetch/gpu-app-collection/src/cuda/lonestargpu-2.0/apps/dmr/dmr.cu,147,4
ls_dmr,,sm80,_Z6refine4MeshiPjS0_13GlobalBarrier9Worklist2S2_,exact_chain,55c0,LDG.E,5640,IMAD.WIDE.U32,5660,LDG.E.64,/workspace/prefetch/gpu-app-collection/src/cuda/lonestargpu-2.0/apps/dmr/dmr.cu,147,/workspace/prefetch/gpu-app-collection/src/cuda/lonestargpu-2.0/apps/dmr/dmr.cu,147,/workspace/prefetch/gpu-app-collection/src/cuda/lonestargpu-2.0/apps/dmr/dmr.cu,147,4
ls_dmr,,sm80,_Z6refine4MeshiPjS0_13GlobalBarrier9Worklist2S2_,exact_chain,5970,LDG.E,59b0,IMAD.WIDE.U32,59d0,LDG.E.64,/workspace/prefetch/gpu-app-collection/src/cuda/lonestargpu-2.0/apps/dmr/dmr.cu,147,/workspace/prefetch/gpu-app-collection/src/cuda/lonestargpu-2.0/apps/dmr/dmr.cu,147,/workspace/prefetch/gpu-app-collection/src/cuda/lonestargpu-2.0/apps/dmr/dmr.cu,147,4
ls_dmr,,sm80,_Z6refine4MeshiPjS0_13GlobalBarrier9Worklist2S2_,exact_chain,5970,LDG.E,59e0,IMAD.WIDE.U32,5a10,LDG.E.64,/workspace/prefetch/gpu-app-collection/src/cuda/lonestargpu-2.0/apps/dmr/dmr.cu,147,/workspace/prefetch/gpu-app-collection/src/cuda/lonestargpu-2.0/apps/dmr/dmr.cu,147,/workspace/prefetch/gpu-app-collection/src/cuda/lonestargpu-2.0/apps/dmr/dmr.cu,147,4
ls_dmr,,sm80,_Z6refine4MeshiPjS0_13GlobalBarrier9Worklist2S2_,exact_chain,5980,LDG.E,59c0,IMAD.WIDE.U32,59f0,LDG.E.64,/workspace/prefetch/gpu-app-collection/src/cuda/lonestargpu-2.0/apps/dmr/dmr.cu,147,/workspace/prefetch/gpu-app-collection/src/cuda/lonestargpu-2.0/apps/dmr/dmr.cu,147,/workspace/prefetch/gpu-app-collection/src/cuda/lonestargpu-2.0/apps/dmr/dmr.cu,147,4
ls_dmr,,sm80,_Z6refine4MeshiPjS0_13GlobalBarrier9Worklist2S2_,exact_chain,5980,LDG.E,5a00,IMAD.WIDE.U32,5a20,LDG.E.64,/workspace/prefetch/gpu-app-collection/src/cuda/lonestargpu-2.0/apps/dmr/dmr.cu,147,/workspace/prefetch/gpu-app-collection/src/cuda/lonestargpu-2.0/apps/dmr/dmr.cu,147,/workspace/prefetch/gpu-app-collection/src/cuda/lonestargpu-2.0/apps/dmr/dmr.cu,147,4
ls_dmr,,sm80,_Z6refine4MeshiPjS0_13GlobalBarrier9Worklist2S2_,exact_chain,75f0,LDG.E,7630,IMAD.WIDE.U32,7650,LDG.E.64,/workspace/prefetch/gpu-app-collection/src/cuda/lonestargpu-2.0/apps/dmr/dmr.cu,147,/workspace/prefetch/gpu-app-collection/src/cuda/lonestargpu-2.0/apps/dmr/dmr.cu,147,/workspace/prefetch/gpu-app-collection/src/cuda/lonestargpu-2.0/apps/dmr/dmr.cu,147,4
ls_dmr,,sm80,_Z6refine4MeshiPjS0_13GlobalBarrier9Worklist2S2_,exact_chain,75f0,LDG.E,7660,IMAD.WIDE.U32,7690,LDG.E.64,/workspace/prefetch/gpu-app-collection/src/cuda/lonestargpu-2.0/apps/dmr/dmr.cu,147,/workspace/prefetch/gpu-app-collection/src/cuda/lonestargpu-2.0/apps/dmr/dmr.cu,147,/workspace/prefetch/gpu-app-collection/src/cuda/lonestargpu-2.0/apps/dmr/dmr.cu,147,4
ls_dmr,,sm80,_Z6refine4MeshiPjS0_13GlobalBarrier9Worklist2S2_,exact_chain,7600,LDG.E,7640,IMAD.WIDE.U32,7670,LDG.E.64,/workspace/prefetch/gpu-app-collection/src/cuda/lonestargpu-2.0/apps/dmr/dmr.cu,147,/workspace/prefetch/gpu-app-collection/src/cuda/lonestargpu-2.0/apps/dmr/dmr.cu,147,/workspace/prefetch/gpu-app-collection/src/cuda/lonestargpu-2.0/apps/dmr/dmr.cu,147,4
ls_dmr,,sm80,_Z6refine4MeshiPjS0_13GlobalBarrier9Worklist2S2_,exact_chain,7600,LDG.E,7680,IMAD.WIDE.U32,76a0,LDG.E.64,/workspace/prefetch/gpu-app-collection/src/cuda/lonestargpu-2.0/apps/dmr/dmr.cu,147,/workspace/prefetch/gpu-app-collection/src/cuda/lonestargpu-2.0/apps/dmr/dmr.cu,147,/workspace/prefetch/gpu-app-collection/src/cuda/lonestargpu-2.0/apps/dmr/dmr.cu,147,4
ls_dmr,,sm80,_Z6refine4MeshiPjS0_13GlobalBarrier9Worklist2S2_,exact_chain,79b0,LDG.E,79f0,IMAD.WIDE.U32,7a10,LDG.E.64,/workspace/prefetch/gpu-app-collection/src/cuda/lonestargpu-2.0/apps/dmr/dmr.cu,147,/workspace/prefetch/gpu-app-collection/src/cuda/lonestargpu-2.0/apps/dmr/dmr.cu,147,/workspace/prefetch/gpu-app-collection/src/cuda/lonestargpu-2.0/apps/dmr/dmr.cu,147,4
ls_dmr,,sm80,_Z6refine4MeshiPjS0_13GlobalBarrier9Worklist2S2_,exact_chain,79b0,LDG.E,7a20,IMAD.WIDE.U32,7a50,LDG.E.64,/workspace/prefetch/gpu-app-collection/src/cuda/lonestargpu-2.0/apps/dmr/dmr.cu,147,/workspace/prefetch/gpu-app-collection/src/cuda/lonestargpu-2.0/apps/dmr/dmr.cu,147,/workspace/prefetch/gpu-app-collection/src/cuda/lonestargpu-2.0/apps/dmr/dmr.cu,147,4
ls_dmr,,sm80,_Z6refine4MeshiPjS0_13GlobalBarrier9Worklist2S2_,exact_chain,79c0,LDG.E,7a00,IMAD.WIDE.U32,7a30,LDG.E.64,/workspace/prefetch/gpu-app-collection/src/cuda/lonestargpu-2.0/apps/dmr/dmr.cu,147,/workspace/prefetch/gpu-app-collection/src/cuda/lonestargpu-2.0/apps/dmr/dmr.cu,147,/workspace/prefetch/gpu-app-collection/src/cuda/lonestargpu-2.0/apps/dmr/dmr.cu,147,4
ls_dmr,,sm80,_Z6refine4MeshiPjS0_13GlobalBarrier9Worklist2S2_,exact_chain,79c0,LDG.E,7a40,IMAD.WIDE.U32,7a60,LDG.E.64,/workspace/prefetch/gpu-app-collection/src/cuda/lonestargpu-2.0/apps/dmr/dmr.cu,147,/workspace/prefetch/gpu-app-collection/src/cuda/lonestargpu-2.0/apps/dmr/dmr.cu,147,/workspace/prefetch/gpu-app-collection/src/cuda/lonestargpu-2.0/apps/dmr/dmr.cu,147,4
ls_dmr,,sm80,_Z6refine4MeshiPjS0_13GlobalBarrier9Worklist2S2_,exact_chain,a500,LDG.E,a540,IMAD.WIDE.U32,a560,LDG.E.64,/workspace/prefetch/gpu-app-collection/src/cuda/lonestargpu-2.0/apps/dmr/dmr.cu,147,/workspace/prefetch/gpu-app-collection/src/cuda/lonestargpu-2.0/apps/dmr/dmr.cu,147,/workspace/prefetch/gpu-app-collection/src/cuda/lonestargpu-2.0/apps/dmr/dmr.cu,147,4
ls_dmr,,sm80,_Z6refine4MeshiPjS0_13GlobalBarrier9Worklist2S2_,exact_chain,a500,LDG.E,a570,IMAD.WIDE.U32,a5a0,LDG.E.64,/workspace/prefetch/gpu-app-collection/src/cuda/lonestargpu-2.0/apps/dmr/dmr.cu,147,/workspace/prefetch/gpu-app-collection/src/cuda/lonestargpu-2.0/apps/dmr/dmr.cu,147,/workspace/prefetch/gpu-app-collection/src/cuda/lonestargpu-2.0/apps/dmr/dmr.cu,147,4
ls_dmr,,sm80,_Z6refine4MeshiPjS0_13GlobalBarrier9Worklist2S2_,exact_chain,a510,LDG.E,a550,IMAD.WIDE.U32,a580,LDG.E.64,/workspace/prefetch/gpu-app-collection/src/cuda/lonestargpu-2.0/apps/dmr/dmr.cu,147,/workspace/prefetch/gpu-app-collection/src/cuda/lonestargpu-2.0/apps/dmr/dmr.cu,147,/workspace/prefetch/gpu-app-collection/src/cuda/lonestargpu-2.0/apps/dmr/dmr.cu,147,4
ls_dmr,,sm80,_Z6refine4MeshiPjS0_13GlobalBarrier9Worklist2S2_,exact_chain,a510,LDG.E,a590,IMAD.WIDE.U32,a5b0,LDG.E.64,/workspace/prefetch/gpu-app-collection/src/cuda/lonestargpu-2.0/apps/dmr/dmr.cu,147,/workspace/prefetch/gpu-app-collection/src/cuda/lonestargpu-2.0/apps/dmr/dmr.cu,147,/workspace/prefetch/gpu-app-collection/src/cuda/lonestargpu-2.0/apps/dmr/dmr.cu,147,4
ls_dmr,,sm80,_Z6refine4MeshiPjS0_13GlobalBarrier9Worklist2S2_,exact_chain,a8c0,LDG.E,a900,IMAD.WIDE.U32,a920,LDG.E.64,/workspace/prefetch/gpu-app-collection/src/cuda/lonestargpu-2.0/apps/dmr/dmr.cu,147,/workspace/prefetch/gpu-app-collection/src/cuda/lonestargpu-2.0/apps/dmr/dmr.cu,147,/workspace/prefetch/gpu-app-collection/src/cuda/lonestargpu-2.0/apps/dmr/dmr.cu,147,4
ls_dmr,,sm80,_Z6refine4MeshiPjS0_13GlobalBarrier9Worklist2S2_,exact_chain,a8c0,LDG.E,a930,IMAD.WIDE.U32,a960,LDG.E.64,/workspace/prefetch/gpu-app-collection/src/cuda/lonestargpu-2.0/apps/dmr/dmr.cu,147,/workspace/prefetch/gpu-app-collection/src/cuda/lonestargpu-2.0/apps/dmr/dmr.cu,147,/workspace/prefetch/gpu-app-collection/src/cuda/lonestargpu-2.0/apps/dmr/dmr.cu,147,4
ls_dmr,,sm80,_Z6refine4MeshiPjS0_13GlobalBarrier9Worklist2S2_,exact_chain,a8d0,LDG.E,a910,IMAD.WIDE.U32,a940,LDG.E.64,/workspace/prefetch/gpu-app-collection/src/cuda/lonestargpu-2.0/apps/dmr/dmr.cu,147,/workspace/prefetch/gpu-app-collection/src/cuda/lonestargpu-2.0/apps/dmr/dmr.cu,147,/workspace/prefetch/gpu-app-collection/src/cuda/lonestargpu-2.0/apps/dmr/dmr.cu,147,4
ls_dmr,,sm80,_Z6refine4MeshiPjS0_13GlobalBarrier9Worklist2S2_,exact_chain,a8d0,LDG.E,a950,IMAD.WIDE.U32,a970,LDG.E.64,/workspace/prefetch/gpu-app-collection/src/cuda/lonestargpu-2.0/apps/dmr/dmr.cu,147,/workspace/prefetch/gpu-app-collection/src/cuda/lonestargpu-2.0/apps/dmr/dmr.cu,147,/workspace/prefetch/gpu-app-collection/src/cuda/lonestargpu-2.0/apps/dmr/dmr.cu,147,4
ls_dmr,,sm80,_Z6refine4MeshiPjS0_13GlobalBarrier9Worklist2S2_,exact_chain,c560,LDG.E,c5a0,IMAD.WIDE.U32,c5c0,LDG.E.64,/workspace/prefetch/gpu-app-collection/src/cuda/lonestargpu-2.0/apps/dmr/dmr.cu,147,/workspace/prefetch/gpu-app-collection/src/cuda/lonestargpu-2.0/apps/dmr/dmr.cu,147,/workspace/prefetch/gpu-app-collection/src/cuda/lonestargpu-2.0/apps/dmr/dmr.cu,147,4
ls_dmr,,sm80,_Z6refine4MeshiPjS0_13GlobalBarrier9Worklist2S2_,exact_chain,c560,LDG.E,c5d0,IMAD.WIDE.U32,c600,LDG.E.64,/workspace/prefetch/gpu-app-collection/src/cuda/lonestargpu-2.0/apps/dmr/dmr.cu,147,/workspace/prefetch/gpu-app-collection/src/cuda/lonestargpu-2.0/apps/dmr/dmr.cu,147,/workspace/prefetch/gpu-app-collection/src/cuda/lonestargpu-2.0/apps/dmr/dmr.cu,147,4
ls_dmr,,sm80,_Z6refine4MeshiPjS0_13GlobalBarrier9Worklist2S2_,exact_chain,c570,LDG.E,c5b0,IMAD.WIDE.U32,c5e0,LDG.E.64,/workspace/prefetch/gpu-app-collection/src/cuda/lonestargpu-2.0/apps/dmr/dmr.cu,147,/workspace/prefetch/gpu-app-collection/src/cuda/lonestargpu-2.0/apps/dmr/dmr.cu,147,/workspace/prefetch/gpu-app-collection/src/cuda/lonestargpu-2.0/apps/dmr/dmr.cu,147,4
ls_dmr,,sm80,_Z6refine4MeshiPjS0_13GlobalBarrier9Worklist2S2_,exact_chain,c570,LDG.E,c5f0,IMAD.WIDE.U32,c610,LDG.E.64,/workspace/prefetch/gpu-app-collection/src/cuda/lonestargpu-2.0/apps/dmr/dmr.cu,147,/workspace/prefetch/gpu-app-collection/src/cuda/lonestargpu-2.0/apps/dmr/dmr.cu,147,/workspace/prefetch/gpu-app-collection/src/cuda/lonestargpu-2.0/apps/dmr/dmr.cu,147,4
ls_dmr,,sm80,_Z6refine4MeshiPjS0_13GlobalBarrier9Worklist2S2_,exact_chain,c920,LDG.E,c960,IMAD.WIDE.U32,c980,LDG.E.64,/workspace/prefetch/gpu-app-collection/src/cuda/lonestargpu-2.0/apps/dmr/dmr.cu,147,/workspace/prefetch/gpu-app-collection/src/cuda/lonestargpu-2.0/apps/dmr/dmr.cu,147,/workspace/prefetch/gpu-app-collection/src/cuda/lonestargpu-2.0/apps/dmr/dmr.cu,147,4
ls_dmr,,sm80,_Z6refine4MeshiPjS0_13GlobalBarrier9Worklist2S2_,exact_chain,c920,LDG.E,c990,IMAD.WIDE.U32,c9c0,LDG.E.64,/workspace/prefetch/gpu-app-collection/src/cuda/lonestargpu-2.0/apps/dmr/dmr.cu,147,/workspace/prefetch/gpu-app-collection/src/cuda/lonestargpu-2.0/apps/dmr/dmr.cu,147,/workspace/prefetch/gpu-app-collection/src/cuda/lonestargpu-2.0/apps/dmr/dmr.cu,147,4
ls_dmr,,sm80,_Z6refine4MeshiPjS0_13GlobalBarrier9Worklist2S2_,exact_chain,c930,LDG.E,c970,IMAD.WIDE.U32,c9a0,LDG.E.64,/workspace/prefetch/gpu-app-collection/src/cuda/lonestargpu-2.0/apps/dmr/dmr.cu,147,/workspace/prefetch/gpu-app-collection/src/cuda/lonestargpu-2.0/apps/dmr/dmr.cu,147,/workspace/prefetch/gpu-app-collection/src/cuda/lonestargpu-2.0/apps/dmr/dmr.cu,147,4
ls_dmr,,sm80,_Z6refine4MeshiPjS0_13GlobalBarrier9Worklist2S2_,exact_chain,c930,LDG.E,c9b0,IMAD.WIDE.U32,c9d0,LDG.E.64,/workspace/prefetch/gpu-app-collection/src/cuda/lonestargpu-2.0/apps/dmr/dmr.cu,147,/workspace/prefetch/gpu-app-collection/src/cuda/lonestargpu-2.0/apps/dmr/dmr.cu,147,/workspace/prefetch/gpu-app-collection/src/cuda/lonestargpu-2.0/apps/dmr/dmr.cu,147,4
ls_dmr,,sm80,_Z6refine4MeshiPjS0_13GlobalBarrier9Worklist2S2_,exact_chain,e5a0,LDG.E,e5e0,IMAD.WIDE.U32,e600,LDG.E.64,/workspace/prefetch/gpu-app-collection/src/cuda/lonestargpu-2.0/apps/dmr/dmr.cu,147,/workspace/prefetch/gpu-app-collection/src/cuda/lonestargpu-2.0/apps/dmr/dmr.cu,147,/workspace/prefetch/gpu-app-collection/src/cuda/lonestargpu-2.0/apps/dmr/dmr.cu,147,4
ls_dmr,,sm80,_Z6refine4MeshiPjS0_13GlobalBarrier9Worklist2S2_,exact_chain,e5a0,LDG.E,e610,IMAD.WIDE.U32,e640,LDG.E.64,/workspace/prefetch/gpu-app-collection/src/cuda/lonestargpu-2.0/apps/dmr/dmr.cu,147,/workspace/prefetch/gpu-app-collection/src/cuda/lonestargpu-2.0/apps/dmr/dmr.cu,147,/workspace/prefetch/gpu-app-collection/src/cuda/lonestargpu-2.0/apps/dmr/dmr.cu,147,4
ls_dmr,,sm80,_Z6refine4MeshiPjS0_13GlobalBarrier9Worklist2S2_,exact_chain,e5b0,LDG.E,e5f0,IMAD.WIDE.U32,e620,LDG.E.64,/workspace/prefetch/gpu-app-collection/src/cuda/lonestargpu-2.0/apps/dmr/dmr.cu,147,/workspace/prefetch/gpu-app-collection/src/cuda/lonestargpu-2.0/apps/dmr/dmr.cu,147,/workspace/prefetch/gpu-app-collection/src/cuda/lonestargpu-2.0/apps/dmr/dmr.cu,147,4
ls_dmr,,sm80,_Z6refine4MeshiPjS0_13GlobalBarrier9Worklist2S2_,exact_chain,e5b0,LDG.E,e630,IMAD.WIDE.U32,e650,LDG.E.64,/workspace/prefetch/gpu-app-collection/src/cuda/lonestargpu-2.0/apps/dmr/dmr.cu,147,/workspace/prefetch/gpu-app-collection/src/cuda/lonestargpu-2.0/apps/dmr/dmr.cu,147,/workspace/prefetch/gpu-app-collection/src/cuda/lonestargpu-2.0/apps/dmr/dmr.cu,147,4
ls_dmr,,sm80,_Z6refine4MeshiPjS0_13GlobalBarrier9Worklist2S2_,exact_chain,e960,LDG.E,e9a0,IMAD.WIDE.U32,e9c0,LDG.E.64,/workspace/prefetch/gpu-app-collection/src/cuda/lonestargpu-2.0/apps/dmr/dmr.cu,147,/workspace/prefetch/gpu-app-collection/src/cuda/lonestargpu-2.0/apps/dmr/dmr.cu,147,/workspace/prefetch/gpu-app-collection/src/cuda/lonestargpu-2.0/apps/dmr/dmr.cu,147,4
ls_dmr,,sm80,_Z6refine4MeshiPjS0_13GlobalBarrier9Worklist2S2_,exact_chain,e960,LDG.E,e9d0,IMAD.WIDE.U32,ea00,LDG.E.64,/workspace/prefetch/gpu-app-collection/src/cuda/lonestargpu-2.0/apps/dmr/dmr.cu,147,/workspace/prefetch/gpu-app-collection/src/cuda/lonestargpu-2.0/apps/dmr/dmr.cu,147,/workspace/prefetch/gpu-app-collection/src/cuda/lonestargpu-2.0/apps/dmr/dmr.cu,147,4
ls_dmr,,sm80,_Z6refine4MeshiPjS0_13GlobalBarrier9Worklist2S2_,exact_chain,e970,LDG.E,e9b0,IMAD.WIDE.U32,e9e0,LDG.E.64,/workspace/prefetch/gpu-app-collection/src/cuda/lonestargpu-2.0/apps/dmr/dmr.cu,147,/workspace/prefetch/gpu-app-collection/src/cuda/lonestargpu-2.0/apps/dmr/dmr.cu,147,/workspace/prefetch/gpu-app-collection/src/cuda/lonestargpu-2.0/apps/dmr/dmr.cu,147,4
ls_dmr,,sm80,_Z6refine4MeshiPjS0_13GlobalBarrier9Worklist2S2_,exact_chain,e970,LDG.E,e9f0,IMAD.WIDE.U32,ea10,LDG.E.64,/workspace/prefetch/gpu-app-collection/src/cuda/lonestargpu-2.0/apps/dmr/dmr.cu,147,/workspace/prefetch/gpu-app-collection/src/cuda/lonestargpu-2.0/apps/dmr/dmr.cu,147,/workspace/prefetch/gpu-app-collection/src/cuda/lonestargpu-2.0/apps/dmr/dmr.cu,147,4
ls_sp,,sm80,_Z10decimate_211GPUCSRGraphS_4EdgePiPKii,exact_chain,0280,LDG.E,02a0,IMAD.WIDE,02b0,LDG.E,/workspace/prefetch/gpu-app-collection/src/cuda/lonestargpu-2.0/apps/sp/newsp.cu,408,/workspace/prefetch/gpu-app-collection/src/cuda/lonestargpu-2.0/apps/sp/newsp.cu,409,/workspace/prefetch/gpu-app-collection/src/cuda/lonestargpu-2.0/apps/sp/newsp.cu,409,4
ls_sp,,sm80,_Z10decimate_211GPUCSRGraphS_4EdgePiPKii,exact_chain,03b0,LDG.E,03c0,IMAD.WIDE,03d0,LDG.E,/workspace/prefetch/gpu-app-collection/src/cuda/lonestargpu-2.0/apps/sp/newsp.cu,408,/workspace/prefetch/gpu-app-collection/src/cuda/lonestargpu-2.0/apps/sp/newsp.cu,409,/workspace/prefetch/gpu-app-collection/src/cuda/lonestargpu-2.0/apps/sp/newsp.cu,409,4
ls_sp,,sm80,_Z10decimate_211GPUCSRGraphS_4EdgePiPKii,exact_chain,04d0,LDG.E,04e0,IMAD.WIDE,04f0,LDG.E,/workspace/prefetch/gpu-app-collection/src/cuda/lonestargpu-2.0/apps/sp/newsp.cu,408,/workspace/prefetch/gpu-app-collection/src/cuda/lonestargpu-2.0/apps/sp/newsp.cu,409,/workspace/prefetch/gpu-app-collection/src/cuda/lonestargpu-2.0/apps/sp/newsp.cu,409,4
ls_sp,,sm80,_Z10decimate_211GPUCSRGraphS_4EdgePiPKii,exact_chain,05f0,LDG.E,0600,IMAD.WIDE,0610,LDG.E,/workspace/prefetch/gpu-app-collection/src/cuda/lonestargpu-2.0/apps/sp/newsp.cu,408,/workspace/prefetch/gpu-app-collection/src/cuda/lonestargpu-2.0/apps/sp/newsp.cu,409,/workspace/prefetch/gpu-app-collection/src/cuda/lonestargpu-2.0/apps/sp/newsp.cu,409,4
ls_sp,,sm80,_Z10decimate_211GPUCSRGraphS_4EdgePiPKii,exact_chain,07c0,LDG.E,07d0,IMAD.WIDE,07e0,LDG.E,/workspace/prefetch/gpu-app-collection/src/cuda/lonestargpu-2.0/apps/sp/newsp.cu,408,/workspace/prefetch/gpu-app-collection/src/cuda/lonestargpu-2.0/apps/sp/newsp.cu,409,/workspace/prefetch/gpu-app-collection/src/cuda/lonestargpu-2.0/apps/sp/newsp.cu,409,4
ls_sp,,sm80,_Z10decimate_211GPUCSRGraphS_4EdgePiPKii,exact_chain,0910,LDG.E,0920,IMAD.WIDE,0930,LDG.E,/workspace/prefetch/gpu-app-collection/src/cuda/lonestargpu-2.0/apps/sp/newsp.cu,408,/workspace/prefetch/gpu-app-collection/src/cuda/lonestargpu-2.0/apps/sp/newsp.cu,409,/workspace/prefetch/gpu-app-collection/src/cuda/lonestargpu-2.0/apps/sp/newsp.cu,409,4
ls_sp,,sm80,_Z10decimate_211GPUCSRGraphS_4EdgePiPKii,exact_chain,0a50,LDG.E,0a60,IMAD.WIDE,0a70,LDG.E,/workspace/prefetch/gpu-app-collection/src/cuda/lonestargpu-2.0/apps/sp/newsp.cu,408,/workspace/prefetch/gpu-app-collection/src/cuda/lonestargpu-2.0/apps/sp/newsp.cu,409,/workspace/prefetch/gpu-app-collection/src/cuda/lonestargpu-2.0/apps/sp/newsp.cu,409,4
ls_sp,,sm80,_Z11update_bias11GPUCSRGraphS_4EdgePfPiS2_S1_,exact_chain,02e0,LDG.E,0320,IMAD.WIDE,0330,LDG.E,/workspace/prefetch/gpu-app-collection/src/cuda/lonestargpu-2.0/apps/sp/newsp.cu,336,/workspace/prefetch/gpu-app-collection/src/cuda/lonestargpu-2.0/apps/sp/newsp.cu,337,/workspace/prefetch/gpu-app-collection/src/cuda/lonestargpu-2.0/apps/sp/newsp.cu,337,4
ls_sp,,sm80,_Z11update_bias11GPUCSRGraphS_4EdgePfPiS2_S1_,exact_chain,02f0,LDG.E,0340,IMAD.WIDE,0360,LDG.E,/workspace/prefetch/gpu-app-collection/src/cuda/lonestargpu-2.0/apps/sp/newsp.cu,336,/workspace/prefetch/gpu-app-collection/src/cuda/lonestargpu-2.0/apps/sp/newsp.cu,337,/workspace/prefetch/gpu-app-collection/src/cuda/lonestargpu-2.0/apps/sp/newsp.cu,337,4
ls_sp,,sm80,_Z11update_bias11GPUCSRGraphS_4EdgePfPiS2_S1_,exact_chain,0300,LDG.E,0350,IMAD.WIDE,0370,LDG.E,/workspace/prefetch/gpu-app-collection/src/cuda/lonestargpu-2.0/apps/sp/newsp.cu,336,/workspace/prefetch/gpu-app-collection/src/cuda/lonestargpu-2.0/apps/sp/newsp.cu,337,/workspace/prefetch/gpu-app-collection/src/cuda/lonestargpu-2.0/apps/sp/newsp.cu,337,4
ls_sp,,sm80,_Z11update_bias11GPUCSRGraphS_4EdgePfPiS2_S1_,exact_chain,0310,LDG.E,0380,IMAD.WIDE,0390,LDG.E,/workspace/prefetch/gpu-app-collection/src/cuda/lonestargpu-2.0/apps/sp/newsp.cu,336,/workspace/prefetch/gpu-app-collection/src/cuda/lonestargpu-2.0/apps/sp/newsp.cu,337,/workspace/prefetch/gpu-app-collection/src/cuda/lonestargpu-2.0/apps/sp/newsp.cu,337,4
ls_sp,,sm80,_Z11update_bias11GPUCSRGraphS_4EdgePfPiS2_S1_,exact_chain,0870,LDG.E,0880,IMAD.WIDE,0890,LDG.E,/workspace/prefetch/gpu-app-collection/src/cuda/lonestargpu-2.0/apps/sp/newsp.cu,336,/workspace/prefetch/gpu-app-collection/src/cuda/lonestargpu-2.0/apps/sp/newsp.cu,337,/workspace/prefetch/gpu-app-collection/src/cuda/lonestargpu-2.0/apps/sp/newsp.cu,337,4
ls_sp,,sm80,_Z11update_bias11GPUCSRGraphS_4EdgePfPiS2_S1_,exact_chain,09f0,LDG.E,0a00,IMAD.WIDE,0a10,LDG.E,/workspace/prefetch/gpu-app-collection/src/cuda/lonestargpu-2.0/apps/sp/newsp.cu,336,/workspace/prefetch/gpu-app-collection/src/cuda/lonestargpu-2.0/apps/sp/newsp.cu,337,/workspace/prefetch/gpu-app-collection/src/cuda/lonestargpu-2.0/apps/sp/newsp.cu,337,4
ls_sp,,sm80,_Z11update_bias11GPUCSRGraphS_4EdgePfPiS2_S1_,exact_chain,0b70,LDG.E,0b80,IMAD.WIDE,0b90,LDG.E,/workspace/prefetch/gpu-app-collection/src/cuda/lonestargpu-2.0/apps/sp/newsp.cu,336,/workspace/prefetch/gpu-app-collection/src/cuda/lonestargpu-2.0/apps/sp/newsp.cu,337,/workspace/prefetch/gpu-app-collection/src/cuda/lonestargpu-2.0/apps/sp/newsp.cu,337,4
ls_sp,,sm80,_Z10update_eta11GPUCSRGraphS_4EdgePf,exact_chain,02b0,LDG.E,02c0,IMAD.WIDE,02d0,LDG.E,/workspace/prefetch/gpu-app-collection/src/cuda/lonestargpu-2.0/apps/sp/newsp.cu,284,/workspace/prefetch/gpu-app-collection/src/cuda/lonestargpu-2.0/apps/sp/newsp.cu,286,/workspace/prefetch/gpu-app-collection/src/cuda/lonestargpu-2.0/apps/sp/newsp.cu,286,4
ls_sp,,sm80,_Z14calc_pi_values11GPUCSRGraphS_4Edge,exact_chain,0370,LDG.E,03b0,IMAD.WIDE,03d0,LDG.E,/workspace/prefetch/gpu-app-collection/src/cuda/lonestargpu-2.0/apps/sp/newsp.cu,236,/workspace/prefetch/gpu-app-collection/src/cuda/lonestargpu-2.0/apps/sp/newsp.cu,238,/workspace/prefetch/gpu-app-collection/src/cuda/lonestargpu-2.0/apps/sp/newsp.cu,238,4
ls_sp,,sm80,_Z14calc_pi_values11GPUCSRGraphS_4Edge,exact_chain,0380,LDG.E,03c0,IMAD.WIDE,0400,LDG.E,/workspace/prefetch/gpu-app-collection/src/cuda/lonestargpu-2.0/apps/sp/newsp.cu,236,/workspace/prefetch/gpu-app-collection/src/cuda/lonestargpu-2.0/apps/sp/newsp.cu,238,/workspace/prefetch/gpu-app-collection/src/cuda/lonestargpu-2.0/apps/sp/newsp.cu,238,4
ls_sp,,sm80,_Z14calc_pi_values11GPUCSRGraphS_4Edge,exact_chain,0390,LDG.E,03e0,IMAD.WIDE,03f0,LDG.E,/workspace/prefetch/gpu-app-collection/src/cuda/lonestargpu-2.0/apps/sp/newsp.cu,236,/workspace/prefetch/gpu-app-collection/src/cuda/lonestargpu-2.0/apps/sp/newsp.cu,238,/workspace/prefetch/gpu-app-collection/src/cuda/lonestargpu-2.0/apps/sp/newsp.cu,238,4
ls_sp,,sm80,_Z14calc_pi_values11GPUCSRGraphS_4Edge,exact_chain,03a0,LDG.E,0410,IMAD.WIDE,0420,LDG.E,/workspace/prefetch/gpu-app-collection/src/cuda/lonestargpu-2.0/apps/sp/newsp.cu,236,/workspace/prefetch/gpu-app-collection/src/cuda/lonestargpu-2.0/apps/sp/newsp.cu,238,/workspace/prefetch/gpu-app-collection/src/cuda/lonestargpu-2.0/apps/sp/newsp.cu,238,4
ls_sp,,sm80,_Z14calc_pi_values11GPUCSRGraphS_4Edge,exact_chain,0980,LDG.E,0990,IMAD.WIDE,09a0,LDG.E,/workspace/prefetch/gpu-app-collection/src/cuda/lonestargpu-2.0/apps/sp/newsp.cu,236,/workspace/prefetch/gpu-app-collection/src/cuda/lonestargpu-2.0/apps/sp/newsp.cu,238,/workspace/prefetch/gpu-app-collection/src/cuda/lonestargpu-2.0/apps/sp/newsp.cu,238,4
ls_sp,,sm80,_Z14calc_pi_values11GPUCSRGraphS_4Edge,exact_chain,0b20,LDG.E,0b30,IMAD.WIDE,0b40,LDG.E,/workspace/prefetch/gpu-app-collection/src/cuda/lonestargpu-2.0/apps/sp/newsp.cu,236,/workspace/prefetch/gpu-app-collection/src/cuda/lonestargpu-2.0/apps/sp/newsp.cu,238,/workspace/prefetch/gpu-app-collection/src/cuda/lonestargpu-2.0/apps/sp/newsp.cu,238,4
ls_sp,,sm80,_Z14calc_pi_values11GPUCSRGraphS_4Edge,exact_chain,0cc0,LDG.E,0cd0,IMAD.WIDE,0ce0,LDG.E,/workspace/prefetch/gpu-app-collection/src/cuda/lonestargpu-2.0/apps/sp/newsp.cu,236,/workspace/prefetch/gpu-app-collection/src/cuda/lonestargpu-2.0/apps/sp/newsp.cu,238,/workspace/prefetch/gpu-app-collection/src/cuda/lonestargpu-2.0/apps/sp/newsp.cu,238,4
ls_pta,,sm80,_Z6gepInvv,exact_chain,0170,LDG.E,01b0,IMAD.WIDE.U32,01c0,LDG.E.STRONG.SYS,/workspace/prefetch/gpu-app-collection/src/cuda/lonestargpu-2.0/apps/pta/andersen.cu,1653,/workspace/prefetch/gpu-app-collection/src/cuda/lonestargpu-2.0/apps/pta/andersen.cu,450,/workspace/prefetch/gpu-app-collection/src/cuda/lonestargpu-2.0/apps/pta/andersen.cu,450,4
